STATE_ABBR,EVAL_GRP_YEAR,total_removal,total_growth,total_mortality,total_inventory,total_hardwood,region
AL,1972,14529398,30172923,1325630,770127496,8645554100,R8
AL,1982,21976276,34857130,2484686,835722954,9970461576,R8
AL,1990,28744249,48835312,3770082,1109103362,11973920708,R8
AL,2000,36032747,54890559,5622030,1351249910,14376254235,R8
AL,2003,39692108,51578626,8182828,1321923234,14278298902,R8
AL,2004,36491946,51507578,8028643,1312814701,14329553241,R8
AL,2005,35127542,51851344,8185790,1346404258,14478826919,R8
AL,2006,34630620,51995461,8594557,1332368354,14550773382,R8
AL,2007,34861784,52375442,9539215,1315623330,14514344259,R8
AL,2008,26641356,52580923,9286542,1335943385,14655592260,R8
AL,2009,25016137,52863381,10871182,1347448201,14904277961,R8
AL,2010,24616251,51618570,11426490,1366967773,14987677806,R8
AL,2011,24136367,52519314,11900686,1393925297,15143557711,R8
AL,2012,22159452,52565003,10198862,1431086831,15172693442,R8
AL,2013,21267533,52210494,11097295,1444679237,15172085010,R8
AL,2014,20438522,53127147,10340957,1482356735,15472172287,R8
AL,2015,19998859,53969964,9435970,1506910723,15423970250,R8
AL,2016,20723502,54413010,7383670,1519474004,15428619493,R8
AL,2017,19224687,56124950,6531978,1552364683,15550866956,R8
AR,1978,31398042,41149125,3118425,1385394253,9124649706,R8
AR,1988,31677239,59232750,5967860,1753657692,11080661488,R8
AR,1995,34049744,57542977,3865894,2154011686,12327909611,R8
AR,2005,39946832,67013216,7054063,2490127634,13970549349,R8
AR,2009,39471256,84204929,11235807,2600413042,14520206867,R8
AR,2010,41357698,82510407,12664799,2593859373,14593135603,R8
AR,2011,39589793,81626914,12434421,2633217786,14750682306,R8
AR,2012,33845378,82151396,14716762,2712380996,15008568969,R8
AR,2013,31474143,82237031,17748077,2727806707,15055552591,R8
AR,2014,31658524,79311621,24770382,2690343107,14879151456,R8
AR,2015,25707457,79673314,27007694,2728263254,15025543083,R8
AR,2016,26978007,77259754,27836967,2749306747,15090536914,R8
CT,1985,2117305,2010562,1643161,168334701,2313596290,R9
CT,1998,1651178,2516499,1045948,179345240,2736447287,R9
CT,2006,1817961,3413642,208767,262204009,3254545558,R9
CT,2007,1707110,3992174,178911,276307536,3179248596,R9
CT,2008,3458090,10149627,3668205,287752333,3220744773,R9
CT,2009,2449213,7169828,2561938,274078994,3260074538,R9
CT,2010,1791856,6387125,1886099,275422544,3321687291,R9
CT,2011,1389695,7064611,1483567,285719086,3393325730,R9
CT,2012,1135327,6702473,1214919,287302491,3485369898,R9
CT,2013,565158,5980600,408216,283681800,3601005403,R9
CT,2014,983510,5562320,161976,278272868,3580719174,R9
CT,2015,1399511,5763616,132003,279292380,3663128666,R9
CT,2016,1824878,5749891,346382,276767564,3685235192,R9
DE,1986,1232416,1434712,220833,70813849,496193979,R9
DE,1999,817013,1954825,721569,78746497,583890516,R9
DE,2006,469673,1881881,21796,48893772,671036667,R9
DE,2008,597186,2676382,15777,70129666,663676914,R9
DE,2010,917864,1419086,547385,66585103,629115737,R9
DE,2011,1449954,1210577,448073,65340114,617608023,R9
DE,2012,1226469,1440853,422215,66395356,627026766,R9
DE,2013,1090545,1818817,367255,76702754,675133960,R9
DE,2014,1120075,1915744,218226,81032447,701249316,R9
DE,2015,1525024,1873817,167601,82175431,696228644,R9
DE,2016,1330557,1780228,168750,81015170,686585479,R9
FL,1970,913500,872338,279900,31954045,3984234969,R8
FL,1980,714937,754666,128215,31730056,4889787749,R8
FL,1987,496300,1246000,317000,35359391,5664725828,R8
FL,1995,789240,1170396,259797,30372566,5942011291,R8
FL,2005,363833,803765,465544,32324837,4068013341,R8
FL,2007,283619,702177,417920,24655534,4454262243,R8
FL,2010,217675,807342,1488741,23530675,4484784147,R8
FL,2011,1200735,616469,953059,16990823,4452881695,R8
FL,2012,1025459,679775,705331,18152227,4345214985,R8
FL,2013,828796,545380,560048,18233392,4324795225,R8
FL,2014,792255,482156,183490,18806270,4422522339,R8
FL,2015,783589,799858,0,22082112,4456777150,R8
GA,1972,13958957,33209985,2556748,746371798,10563274775,R8
GA,1982,13356554,34925675,1045658,1055298649,13689785479,R8
GA,1989,26018814,38797659,2963072,1199442299,15134786658,R8
GA,1997,23630840,48021533,4848810,1472624346,16497057047,R8
GA,2004,22271740,52331035,10881807,1491995373,15414346322,R8
GA,2005,27626903,50200277,8128513,1493863247,15348603363,R8
GA,2006,21258471,48464054,9165837,1510461513,15521696257,R8
GA,2007,21216324,50811146,4869096,1557819020,15612990196,R8
GA,2008,18748842,51171917,4478481,1571539905,15636908516,R8
GA,2009,17812728,49998583,6913214,1609984734,15741700686,R8
GA,2010,11627769,51909359,8254494,1632118932,15952966117,R8
GA,2011,12836090,54116129,7695738,1649370286,15879633237,R8
GA,2012,14864033,54482952,8836434,1669760839,15879539239,R8
GA,2013,14754675,53996508,8218545,1692794598,15788613546,R8
GA,2014,16508410,53837340,6571325,1695034093,15593957857,R8
GA,2015,18734565,53659005,5784217,1690363086,15566682704,R8
IA,1990,3319098,5343012,837290,390761111,2037579562,R9
IA,2003,4123791,21081409,1092189,558552870,2801128231,R9
IA,2004,0,5492211,582839,518807292,2558583006,R9
IA,2005,3648205,23357455,3344298,612082211,2983718753,R9
IA,2006,5012607,19703268,2584348,570443810,2932899743,R9
IA,2007,7294851,16122430,3183126,545063013,2859447283,R9
IA,2008,7194119,16633317,3332991,567356689,2924963537,R9
IA,2009,7732490,16067004,3926231,557307633,2869823083,R9
IA,2010,6661198,11695081,4116781,561202630,2922635696,R9
IA,2011,5178174,11782267,4120891,564681047,2960849144,R9
IA,2012,2407785,12155039,3431055,579354592,2998859625,R9
IA,2013,2501008,12659380,2289203,585861640,3036498212,R9
IA,2014,2047931,12526257,3122899,577944986,3019206082,R9
IA,2015,1653326,12243756,3359148,567719042,2907363910,R9
IA,2016,1512695,14343441,4063122,558252206,2930133699,R9
IA,2017,3370364,14128783,5914079,545699178,2910878587,R9
IL,1985,0,17932545,1418394,889219578,4789526768,R9
IL,1998,5911009,21340641,5079365,1018785116,6193239627,R9
IL,2006,11084993,32193226,5335040,1127361609,6884912296,R9
IL,2007,8058995,21770640,3323114,1207856222,6912924872,R9
IL,2008,8570195,20849277,5928418,1150311262,6754339333,R9
IL,2009,10015545,20962063,4432937,1056438843,6684434068,R9
IL,2010,10537208,20548262,4666496,1020550560,6656625847,R9
IL,2011,8642300,19457321,5230357,1018557297,6708645187,R9
IL,2012,10023012,19747687,6364877,1016576663,6729223001,R9
IL,2013,10932165,19746961,7002207,1015239845,6684583201,R9
IL,2014,9510207,21932145,7752149,1026477292,6753801977,R9
IL,2015,9286780,21955149,9288929,1027206314,6818075426,R9
IL,2016,6985729,21638928,9419237,1031828864,6890795667,R9
IN,1986,5948275,13196875,1264486,818771903,5994229713,R9
IN,1998,6603166,18552291,3508606,802605748,6929333778,R9
IN,2003,15844682,13243941,2489285,790997007,7223542113,R9
IN,2004,4759397,27928701,1238524,806510775,7504293470,R9
IN,2005,12695928,34091205,997382,832416658,7889803831,R9
IN,2006,11658965,29355365,1609202,816855248,7939983096,R9
IN,2007,10282306,27309325,2171058,817713374,8381812788,R9
IN,2008,10487469,26496955,2474514,810913436,8283390110,R9
IN,2009,10503464,23684965,3079545,808683113,8181588241,R9
IN,2010,8312389,20218802,3467780,809985437,8461212124,R9
IN,2011,8094022,19927896,2825715,817041498,8620688716,R9
IN,2012,6581163,18749011,2778617,819413790,8753754767,R9
IN,2013,6740556,18967133,2714252,836575189,8862904531,R9
IN,2014,7367960,19473075,2055590,817571165,8959152661,R9
IN,2015,5609801,19279276,3100239,806074065,9052062675,R9
IN,2016,7239384,18997394,2922212,822439918,9131855703,R9
KS,1981,0,2206003,315434,110193710,813476719,R2
KS,1994,268326,2510259,1073178,182690391,1621227867,R2
KS,2006,841115,2378340,0,117804950,1150255889,R2
KS,2007,894858,2435041,0,119577406,1164645002,R2
KS,2008,1338644,1824923,0,107717728,1129993992,R2
KS,2009,1631461,2410825,573137,117772562,1396505132,R2
KS,2010,1364057,2263378,511196,110056578,1411728326,R2
KS,2011,2308681,1771515,206498,107996063,1396966904,R2
KS,2012,2022691,1838410,214799,102685914,1398521131,R2
KS,2013,1582928,1390883,196970,93087536,1387653461,R2
KS,2014,1627230,2588105,205262,106974712,1417256412,R2
KS,2015,1253402,2317194,220295,103872504,1413131249,R2
KS,2016,1311485,2353530,232528,100621886,1294993558,R2
KY,1988,21160089,41692238,4042938,1991358557,14817285228,R8
KY,2006,48041640,91421339,12633981,2577978571,17808789636,R8
KY,2007,55971222,89918319,13937912,2625238715,18403591817,R8
KY,2008,51916726,87608860,12939060,2668285323,18748701333,R8
KY,2009,50212722,83886153,12129521,2689425514,18981162839,R8
KY,2010,48498481,78259469,10629850,2710270916,19201449059,R8
KY,2011,44988778,73181144,11620887,2692505705,19219171999,R8
KY,2012,32825713,69105527,10035530,2757577963,19593929499,R8
KY,2013,36936695,65464916,9034587,2755267158,19546703642,R8
KY,2014,36410196,62924506,8867675,2680202824,19324834852,R8
KY,2015,36408773,63848049,9037438,2702819717,19516740746,R8
LA,1974,11088741,15825855,495293,329038982,7644447340,R8
LA,1984,11479323,19675187,1334852,376157037,8407852241,R8
LA,1991,11944270,17004572,1368498,411575862,8914792221,R8
LA,2005,13631442,16379075,2220685,589656041,9872163630,R8
LA,2009,14914259,18752814,1583909,597978072,9834944830,R8
LA,2010,11359845,17307632,5644120,590543372,9755151268,R8
LA,2011,10364123,16488467,7930806,585905600,9591471275,R8
LA,2012,9576531,15724384,6485687,575500741,9483565113,R8
LA,2013,8878687,17790849,6905742,590526979,9459559109,R8
LA,2014,9386754,18052483,6476947,577817495,9463194932,R8
LA,2015,9897792,17861736,5811949,575484697,9574788666,R8
MA,1985,1101581,2066268,1355554,139936567,3254232129,R9
MA,1998,3339983,1161560,1014984,138396767,3662168199,R9
MA,2006,1486285,4369679,372583,198032226,4259447238,R9
MA,2007,1310402,4228305,370898,208199915,4224938418,R9
MA,2008,1124877,3221145,76696,202966250,4188567228,R9
MA,2009,601852,3355344,369784,205606088,4279891729,R9
MA,2010,580606,3799163,1284361,210906113,4316058508,R9
MA,2011,466977,4140470,1015988,214455053,4326704897,R9
MA,2012,782516,4098616,960850,221143846,4371616945,R9
MA,2013,505265,4152236,1013518,222205323,4444972041,R9
MA,2014,514244,4295347,1006220,230606484,4453956553,R9
MA,2015,513307,4410523,1005383,240646177,4428949127,R9
MA,2016,404578,4378514,481579,243895024,4469632314,R9
MD,1986,11035733,12132453,816372,415454917,3714950492,R9
MD,1999,8444180,6742609,3714165,488900596,4299640497,R9
MD,2006,753302,7825518,1718313,441977450,4787371762,R9
MD,2008,2457051,8081173,2598346,484911044,4777639166,R9
MD,2009,0,8033154,1389877,469022845,4677457735,R9
MD,2010,1392432,10690446,2655648,517317889,4680766046,R9
MD,2011,5434841,11498322,4063778,521717877,4538623009,R9
MD,2012,7163084,11083858,3279049,507747218,4586737576,R9
MD,2013,5943587,10777769,3079343,493122135,4681332725,R9
MD,2014,5989714,10843413,4098244,490802608,4610137921,R9
MD,2015,6175433,11787197,4694803,502820241,4655576838,R9
MD,2016,5643891,11747837,4948769,504525989,4750312460,R9
ME,1995,105900,357113,26655,17958660,9337574578,R9
ME,2006,374983,410108,82807,22605937,10647712758,R9
ME,2007,359300,521266,61938,22477910,10520912741,R9
ME,2008,278633,511874,49127,23147648,10512997142,R9
ME,2009,381476,501787,52239,22958840,10445449559,R9
ME,2010,198797,678627,53113,24213998,10482425352,R9
ME,2011,340397,707742,11830,24088280,10561207989,R9
ME,2012,609206,707933,11783,23672514,10541426052,R9
ME,2013,612331,707405,11878,24885436,10530906068,R9
ME,2014,419825,708541,11429,24129700,10392729939,R9
ME,2015,587805,717290,11516,24808520,10241293149,R9
ME,2016,466961,699601,0,25145214,10070044127,R9
MI,1980,0,11618992,653939,574755497,14598341078,R9
MI,1993,2089641,13933652,856797,879188484,21651637655,R9
MI,2003,4241168,18548550,2817304,707958104,18103027036,R9
MI,2004,3527877,18008813,2422958,695531126,18177729568,R9
MI,2005,5572583,19482130,513227,694570358,18350319976,R9
MI,2006,6568016,19988060,1878387,727472957,18668608746,R9
MI,2007,5646712,21546208,4071669,731087636,18755267967,R9
MI,2008,4006356,20188962,3165371,751225943,19029307972,R9
MI,2009,3885335,20801777,3095186,777359749,19245680588,R9
MI,2010,3601173,20321848,2559346,793164758,19608184636,R9
MI,2011,2502511,20247383,2546439,810652396,20110570999,R9
MI,2012,2722180,20162922,3422660,821940288,20439896817,R9
MI,2013,2250420,21553613,2944853,859209552,20697193770,R9
MI,2014,3199993,21154397,2811350,862200286,20680701695,R9
MI,2015,3580401,20582582,2798667,858476702,20662687897,R9
MI,2016,4056974,20927348,2653732,863698723,20736921615,R9
MN,1977,0,10095582,917360,451262041,8858640283,R9
MN,1990,2804443,12796781,908015,680321373,12999805629,R9
MN,2003,4070346,30170167,1157568,799407408,10236119415,R9
MN,2004,8086472,27291820,2044181,798766024,10184680368,R9
MN,2005,5522128,28453582,1966696,763696959,9955353799,R9
MN,2006,5199847,25230896,2304616,734567040,9712410324,R9
MN,2007,5328998,24645173,2284845,746150887,9526944049,R9
MN,2008,5030917,24155475,2695358,699298149,9302765135,R9
MN,2009,4320766,23213268,2624634,679201063,9189435346,R9
MN,2010,3528956,21024377,2679879,698218459,9307010435,R9
MN,2011,3054922,19529634,2756604,714519570,9427534576,R9
MN,2012,2601985,18831757,2561373,731533670,9529790458,R9
MN,2013,2804557,19221987,2579769,765396762,9768781606,R9
MN,2014,2603861,18432699,2169547,787907549,10006226896,R9
MN,2015,3195889,18699207,2097752,821739237,10203975096,R9
MN,2016,3275923,18842504,2730164,819481389,10316595610,R9
MO,1989,5629419,53142289,4680063,2347951470,8868764310,R9
MO,2003,27360366,125559282,6980926,3447607921,13319544400,R9
MO,2004,36705467,133051254,18895452,3601708831,13966943495,R9
MO,2005,33963206,119357237,13575700,3729251992,14479029832,R9
MO,2006,31725738,119178121,15100441,3908772477,15135911540,R9
MO,2007,33481392,114099062,14919581,3982060507,15199744652,R9
MO,2008,36702372,113625715,14877741,3990696999,15290491860,R9
MO,2009,35609497,109293913,15498834,3965177899,15238041369,R9
MO,2010,37441037,108855033,18200835,3936276697,15161368464,R9
MO,2011,39352682,106959794,19494895,3970364442,15223340723,R9
MO,2012,38015460,103209198,22415475,3992828970,15246865878,R9
MO,2013,36654164,100797216,27816383,3977179740,15175660738,R9
MO,2014,34386373,101970808,31169720,3998852945,15227613950,R9
MO,2015,32214450,99589005,35626321,3998144919,15148134541,R9
MO,2016,30071519,99256642,39492181,4014028321,15193969554,R9
MS,1977,17856913,30045702,1709712,747562725,8413076392,R8
MS,1987,22694829,44175955,2189641,984307734,10903783419,R8
MS,1994,45836277,41287775,2790202,975411282,11402674518,R8
MS,2006,28988271,38383553,5979863,1128369701,12943750174,R8
MS,2009,19580882,51358853,3743919,1146247309,13031024414,R8
MS,2010,12511243,50382460,16013196,1159283500,13102014091,R8
MS,2011,24319278,53008578,11561101,1161822884,13147107645,R8
MS,2012,22734929,49313114,11828479,1159270981,12909385872,R8
MS,2013,24595980,49301298,10931630,1139175777,12792006369,R8
MS,2014,22388042,46866508,9496931,1096960830,12742206624,R8
MS,2015,21314460,46900738,8892793,1112349631,12723443249,R8
MS,2016,19701393,45117077,5579563,1097243430,12650900204,R8
NC,1974,43380179,65330176,2002210,1556556761,14423806342,R8
NC,1984,37430769,64211198,3326884,1762552379,17710736849,R8
NC,1990,47820555,63565570,6941196,2065284383,20211938357,R8
NC,2002,55946778,64529761,14313863,1820943845,19397507244,R8
NC,2007,49871531,74388764,6859808,1821983929,20439694807,R8
NC,2009,40907415,78626598,6819185,1849256237,20773344264,R8
NC,2010,41570873,83511259,7571009,1863659368,20907113644,R8
NC,2011,40931405,87731054,7655245,1897120873,21241813342,R8
NC,2012,41712847,88461534,5819047,1903312155,21481703079,R8
NC,2013,41898046,82967862,8037782,1926182298,21803940926,R8
NC,2014,39109045,82895509,8076975,1982438073,22384618917,R8
NC,2015,38312806,81978569,8304194,1982604280,22667868871,R8
NC,2016,32798942,78765761,8755347,2000957907,22898357268,R8
ND,1980,0,853791,26783,32266087,227939420,R2
ND,1995,164964,1151962,259929,55641843,441766604,R2
ND,2006,3047608,6541803,608032,82666957,359411159,R2
ND,2007,1452868,2620633,271690,75658512,325782992,R2
ND,2008,1222921,1809500,165774,67315720,340070881,R2
ND,2009,1114135,2268774,178748,65206843,317000786,R2
ND,2010,939563,2088702,189659,65660690,331932511,R2
ND,2011,367554,1616683,56522,62715021,322091956,R2
ND,2012,368842,1680753,57237,63465774,332272215,R2
ND,2013,368440,1698554,59331,64413187,357111287,R2
ND,2014,259143,1508946,191844,64491969,351744087,R2
ND,2015,48782,1427696,147569,64674750,357412859,R2
ND,2016,48782,1422243,147569,64705338,359345359,R2
NE,1983,0,548358,73679,39541899,291836066,R2
NE,1994,162896,2415197,653988,112688216,852045607,R2
NE,2006,317404,2291197,0,78132798,567675555,R2
NE,2007,417941,2679773,484135,116842319,846777727,R2
NE,2008,301903,2295078,792615,107767239,695585689,R2
NE,2009,198083,3120503,1716407,111687172,824487095,R2
NE,2010,206024,2736187,1377065,108576376,809053885,R2
NE,2011,142674,4050537,1534317,110993282,815328031,R2
NE,2012,46262,4084116,1743912,98231740,753062567,R2
NE,2013,43935,4088123,1461294,93976364,727863657,R2
NE,2014,43096,3842335,1005356,80356117,678746266,R2
NE,2015,0,3146551,1797768,70881972,674349932,R2
NE,2016,933270,3089554,1758973,65599163,616527484,R2
NH,1997,1282512,1218568,120424,75523828,5272557398,R9
NH,2006,315236,1115512,406725,69749724,5505215744,R9
NH,2007,427906,1488996,385752,70656737,5561383676,R9
NH,2008,0,1058536,142654,69083195,5614272309,R9
NH,2009,0,1884244,110424,80623907,5653910585,R9
NH,2010,114289,1516486,200937,82024942,5683254204,R9
NH,2011,81553,1645378,170541,85243489,5564753203,R9
NH,2012,114293,1548053,136984,86514013,5536677334,R9
NH,2013,108931,1552963,89712,79333775,5463740605,R9
NH,2014,111277,1274856,90811,68038889,5409114498,R9
NH,2015,112897,1255865,90844,67100157,5351693693,R9
NH,2016,48192,1244428,21548,68479416,5443798397,R9
NJ,1987,642271,5284716,1208647,198379843,1862567905,R9
NJ,1999,3419559,2742666,1908097,186723755,2251120725,R9
NJ,2006,0,5415228,381430,232826901,2554041290,R9
NJ,2008,286896,4636051,273411,222615664,2346431378,R9
NJ,2009,3857188,7364602,2533047,230602719,2323731551,R9
NJ,2010,2862584,6992800,1993554,228117781,2333404704,R9
NJ,2011,1862719,5785168,2718911,218147929,2362368323,R9
NJ,2012,1618729,4965463,2212792,237366519,2397547391,R9
NJ,2013,1388765,4560757,2148691,227960065,2486624112,R9
NJ,2014,292090,5179151,2877025,228963778,2524529577,R9
NJ,2015,208864,4391434,2784678,234195882,2452774115,R9
NJ,2016,210124,4577373,2468760,234840371,2446465454,R9
NY,1993,3449462,5414904,2036370,273780769,16604086183,R9
NY,2006,4632151,8181723,644713,452546464,22389965501,R9
NY,2007,5781759,8827356,1057943,422526977,22427149261,R9
NY,2008,129999,12039364,4540399,438509573,22468564320,R9
NY,2009,1133072,11648657,3127305,444973203,22579596873,R9
NY,2010,1041735,11347656,2752766,443422841,22589587372,R9
NY,2011,809397,10458716,2592437,462231310,22797882076,R9
NY,2012,656830,10596339,2237222,465000543,22813874999,R9
NY,2013,912189,11112959,1666863,498041267,22857905914,R9
NY,2014,1186934,10531709,2248032,498506350,22931099714,R9
NY,2015,1097537,10618572,2569874,513572528,23105906069,R9
NY,2016,1015643,10984958,2800375,524338775,23436186249,R9
OH,1991,15040627,22895134,2205052,949319101,9883447254,R9
OH,2007,15022804,25007143,9374411,1103146979,13382924853,R9
OH,2008,20661890,26665258,8725003,1092180909,13399835826,R9
OH,2009,19550931,24214668,7776175,1068619952,13235521635,R9
OH,2010,17618431,23807992,7703594,1060855697,13201801764,R9
OH,2011,15529215,23340577,6711182,1062752856,13035823706,R9
OH,2012,13991773,22188094,5740839,1038156456,12984926471,R9
OH,2013,12642741,21215780,4853233,1031449271,12948219630,R9
OH,2014,16173850,20939301,5795712,979927434,13077120593,R9
OH,2015,16755112,21301169,5866209,994540784,13137217221,R9
OH,2016,15681168,20981188,6883633,985821032,13052203969,R9
OK,1976,1453243,3729872,374937,96776133,1044156091,R8
OK,1986,1909025,3860801,424600,115578912,1277426912,R8
OK,1989,0,3013784,0,31612346,599158222,R8
OK,1993,2415901,3739539,442309,126526775,1606684644,R8
OK,2008,3099330,4714422,1079096,213367972,2130015017,R8
OK,2010,3888529,3655587,467895,208116369,2118527791,R8
OK,2011,5770051,7576820,634830,209577914,2132454888,R8
OK,2012,5024059,7481570,690394,219356916,2127277660,R8
OK,2013,4395782,7136589,654374,219674362,2122748713,R8
OK,2014,3825144,6814903,637646,223438047,2061020739,R8
OK,2015,3092646,7157166,1123434,241354628,2094942405,R8
PA,1989,21175245,20186334,8109439,1298494735,22821729513,R9
PA,2006,17212277,37035224,4847831,1525455057,28589937996,R9
PA,2007,21414176,40764424,5551193,1568003871,28698552579,R9
PA,2008,18803809,40468148,5352873,1572288423,28853769438,R9
PA,2009,17074426,39566494,6413626,1552173024,28975428991,R9
PA,2010,18032708,38412314,7316978,1549358092,29152350142,R9
PA,2011,18824573,36927784,9294579,1538137426,29080051653,R9
PA,2012,15351949,35095693,11674723,1535141132,29174620473,R9
PA,2013,15471961,34624609,12327047,1575645712,29971549947,R9
PA,2014,15475048,34355197,11940648,1598555783,30074554003,R9
PA,2015,20538098,33393172,12365206,1565362598,30292361203,R9
PA,2016,18065060,33815589,13617212,1588902528,30514964940,R9
RI,1985,396116,744081,138222,38797124,349138552,R9
RI,1998,595693,280186,176731,36008342,385610140,R9
RI,2006,9747,1234194,0,58151598,563034021,R9
RI,2007,141397,1357860,0,55499919,518129360,R9
RI,2008,0,812954,211250,52579102,516635141,R9
RI,2009,36811,664752,224727,50704079,534841900,R9
RI,2010,31705,894489,189760,54613203,555289442,R9
RI,2011,25940,1309492,222436,61732482,582261275,R9
RI,2012,22490,1244068,274364,62696819,588764652,R9
RI,2013,27176,1306788,238150,63864474,563294089,R9
RI,2014,19852,1306461,212142,65382225,557462662,R9
RI,2015,20546,1286708,287056,68683692,571128521,R9
RI,2016,19447,1216136,272833,68657739,569052299,R9
SC,1968,11605598,18169635,1101719,403100406,6145044192,R8
SC,1978,12080195,26141437,660548,585407167,8253251929,R8
SC,1986,10754777,21180744,1305345,682357397,8896636637,R8
SC,1993,19303614,26588954,9051192,733176393,8651093903,R8
SC,2001,16399549,31890670,3329169,829239990,8853787555,R8
SC,2005,7979237,36579662,215146,833860979,8932867580,R8
SC,2006,8242323,33197145,624331,831339514,8933060551,R8
SC,2007,13347290,33221741,2149528,828709179,9013784739,R8
SC,2008,16535834,33801645,3261839,825638409,8955807906,R8
SC,2009,19355856,32721917,4342966,817389172,9031780307,R8
SC,2010,17054508,33112745,4220336,859766199,8963415719,R8
SC,2011,15317147,32389812,3640181,878318460,8934231141,R8
SC,2012,15239145,30858883,3960100,871646984,8899022333,R8
SC,2013,12357980,30745166,3491993,880618262,9098243182,R8
SC,2014,11263518,30190104,2662457,878489109,9080493690,R8
SC,2015,12654167,29462206,3768533,882878571,9253978990,R8
SC,2016,13134345,30413208,3921754,905617473,9456196006,R8
SD,1980,0,6242,0,2691504,36558364,R2
SD,1995,36668,755884,137281,23089003,222410313,R2
SD,2006,0,206685,53738,46737657,228428376,R2
SD,2007,0,3965740,575656,45619617,217847793,R2
SD,2008,0,1430345,368637,35708703,197817743,R2
SD,2009,0,1654243,1129961,29073695,192340094,R2
SD,2010,0,1219771,951480,22390660,174209421,R2
SD,2011,0,1211678,979029,25750973,184641687,R2
SD,2012,0,410216,837689,22004851,165191386,R2
SD,2013,0,411512,850290,21983828,166320693,R2
SD,2014,0,545010,277017,21835462,158791186,R2
SD,2015,0,518335,275064,20555936,157387165,R2
SD,2016,14136,518661,275064,20095219,155303077,R2
TN,1980,30569809,56726832,2499319,1623842193,10497716115,R8
TN,1989,30701629,77620500,6215359,2093402286,13748020764,R8
TN,1999,51514996,93702349,7316155,2602471630,17516226625,R8
TN,2002,66543901,109354039,26747876,2721082216,18537028896,R8
TN,2003,61027956,105124174,21212085,2778182904,18947709659,R8
TN,2004,56640392,100977584,18857212,2842342237,19405843275,R8
TN,2005,41412014,103082338,11853732,2926596999,19739923238,R8
TN,2006,46725618,97146628,8305463,2937929791,20056387367,R8
TN,2007,42005460,94150499,8255062,2958103890,20245574957,R8
TN,2008,46597962,90584879,7938683,2974336736,20357784437,R8
TN,2009,49971333,88955389,7648336,2989856067,20621513303,R8
TN,2010,51105381,83146459,9420099,3011640275,20874210438,R8
TN,2011,56651405,81574413,10909070,3009704390,20968051546,R8
TN,2012,64327171,78667729,12025128,2968629844,20943943034,R8
TN,2013,62282483,81277850,13562220,2966499636,21123112310,R8
TN,2014,62306512,83910006,14143203,2986590715,21251540745,R8
TX,1975,6406706,13185527,635831,265912895,4121541108,R8
TX,1986,9801299,13962579,1372449,302729837,4813311835,R8
TX,1992,11902496,14156174,1375031,310684552,5060720082,R8
TX,2003,9185818,13926761,2140071,377305005,6122174986,R8
TX,2006,11886880,7022201,5153995,369187625,6462558500,R8
TX,2007,9915557,8344919,4969152,384694122,6638038547,R8
TX,2008,9404256,9215416,3996550,387759671,6515662905,R8
TX,2009,8326698,9441032,6724478,377393909,6368362922,R8
TX,2010,4748260,11448197,9072073,374792841,6263049803,R8
TX,2011,3425770,12127037,10411146,361758584,6247438120,R8
TX,2012,4510855,11552091,10497476,349660891,6075944842,R8
TX,2013,5390670,10681037,12013777,334672867,5859119788,R8
TX,2014,6757211,11381504,10121036,346609974,6383570591,R8
TX,2015,6353923,10683926,8878990,326697145,5410479377,R8
TX,2016,6478572,10281748,4471735,321302615,4999702409,R8
VA,1977,57046397,86790866,5101066,2263656119,14144431836,R8
VA,1985,52110664,79627351,5515593,2531017725,17056375405,R8
VA,1992,59779031,76611226,8804903,2880068579,19838346265,R8
VA,2001,65225321,83114017,10403005,2690146854,20207437378,R8
VA,2005,63315637,79827672,20830364,2780796274,19713848911,R8
VA,2006,63417781,84273703,17820200,2781818229,19676248530,R8
VA,2007,60559438,84448078,19893230,2779883016,19669923644,R8
VA,2008,57609916,83325364,15866572,2778657792,19923536367,R8
VA,2009,42077193,81390377,12893090,2861786070,20786236755,R8
VA,2010,38767585,81035956,13787415,2894515121,21164658167,R8
VA,2011,36707487,79764994,10131247,2937929441,21603795986,R8
VA,2012,37008179,84013376,10575984,2993505172,21957969140,R8
VA,2013,40709463,82597503,10742259,3008594864,22575213646,R8
VA,2014,39633023,85056635,12984680,3104538453,23123030468,R8
VA,2015,35741527,86966336,14171557,3158624961,23693933859,R8
VT,1997,0,595945,0,23488108,5916536343,R9
VT,2006,530762,351354,137038,11267250,5588548842,R9
VT,2007,378473,391540,70741,19249147,5908126096,R9
VT,2008,0,373934,140139,21937070,5950292316,R9
VT,2009,0,339629,64384,22765809,5988827074,R9
VT,2010,0,324992,45348,23170740,5961902481,R9
VT,2011,0,537236,33450,22935707,5980261961,R9
VT,2012,0,540387,26656,23688697,5913649545,R9
VT,2013,0,541539,0,24114807,5771652125,R9
VT,2014,0,565692,0,24487892,5786628198,R9
VT,2015,0,566881,0,24889149,5816805897,R9
VT,2016,0,566044,0,25102137,5862491241,R9
WI,1983,1562845,11968412,1638075,671864753,13701520733,R9
WI,1996,5860852,16982214,1877922,1143653879,18316814963,R9
WI,2003,16940610,29694469,2222059,995288230,14181990999,R9
WI,2004,15773886,31127424,2034721,992336941,14319112926,R9
WI,2005,21228362,29318897,7856620,990621833,14521401930,R9
WI,2006,16009933,29913771,6739709,1006561033,14707142714,R9
WI,2007,14543536,27372699,5887326,1019545353,14909409563,R9
WI,2008,14728989,27661780,5685501,1036724054,15156549161,R9
WI,2009,13265384,25617985,5918375,1033828756,15179631857,R9
WI,2010,10392851,24374649,5646875,1037956385,15171150603,R9
WI,2011,11506599,23086214,5523014,1034642382,15275775506,R9
WI,2012,10178163,22760319,5591103,1029347354,15335342575,R9
WI,2013,9417408,23524468,5174089,1034413325,15441390494,R9
WI,2014,9642776,23846383,5489219,1039844578,15590238151,R9
WI,2015,8355936,23834461,5093280,1040033967,15640612146,R9
WI,2016,9249579,23571169,4434609,1037801248,15692767001,R9
WV,1989,13225958,43622869,4564607,1761508345,19108350099,R9
WV,2000,31213580,46977706,4596093,2141353016,21290767970,R9
WV,2006,29185020,50574712,11519787,2136717504,23295216315,R9
WV,2008,22724187,53743195,14327439,2266652099,23562095894,R9
WV,2009,26406301,56487886,16794873,2312494343,23664220995,R9
WV,2010,20782742,55188626,12219367,2316020061,23823330332,R9
WV,2011,29877816,59043488,11531883,2325043382,23770948943,R9
WV,2012,27273940,58024560,13588471,2271330132,23937103893,R9
WV,2013,24762041,55391595,13002724,2268572830,24163360059,R9
WV,2014,25437531,51938402,12432194,2243665341,24158461809,R9
WV,2015,19096540,52016470,13756919,2279103426,24316992772,R9
WV,2016,20360447,48947736,15348753,2288867450,24429394068,R9
