STATE_ABBR,EVAL_GRP_YEAR,UNITCD,UNIT,SELECT_WHITE_OAK_GROWTH,SELECT_WHITE_OAK_MORTALITY,SELECT_WHITE_OAK_REMOVAL
AL,1972,1,101,266697,0,375788
AL,1972,2,102,4933580,0,4951213
AL,1972,3,103,4626071,308737,3101707
AL,1972,4,104,5895531,297745,2887078
AL,1972,5,105,5328727,512444,1743946
AL,1972,6,106,7796687,206704,1469666
AL,1982,1,101,735354,0,564877
AL,1982,2,102,5284767,318906,5386375
AL,1982,3,103,6156079,619825,3173958
AL,1982,4,104,5552063,506992,3397569
AL,1982,5,105,8234694,490802,5199810
AL,1982,6,106,6409487,548161,4253687
AL,1990,1,101,1123113,96208,890575
AL,1990,2,102,4260583,394359,4530157
AL,1990,3,103,7769678,475821,5620911
AL,1990,4,104,7332343,1932141,6546977
AL,1990,5,105,13911798,408836,5187961
AL,1990,6,106,10667715,462717,5967668
AL,2000,1,101,515073,78685,1557144
AL,2000,2,102,5212588,795235,4239310
AL,2000,3,103,9222632,1311098,8026874
AL,2000,4,104,7153179,808894,8540185
AL,2000,5,105,14281008,1806179,7736308
AL,2000,6,106,12884049,821939,5932926
AL,2003,1,101,493815,0,171925
AL,2003,2,102,2290214,349014,5070288
AL,2003,3,103,7752863,1389206,6843301
AL,2003,4,104,10180372,332116,5815348
AL,2003,5,105,13431480,4007925,13499002
AL,2003,6,106,9247054,2104567,8292244
AL,2004,1,101,561299,0,378932
AL,2004,2,102,4452735,367162,4105983
AL,2004,3,103,7232082,1769338,7629090
AL,2004,4,104,9163976,1114322,4928388
AL,2004,5,105,13145768,3013449,10652068
AL,2004,6,106,8923075,1764372,8797485
AL,2005,1,101,486678,0,299022
AL,2005,2,102,4491536,576260,5123792
AL,2005,3,103,7335459,1439500,7092970
AL,2005,4,104,9228994,877924,5050978
AL,2005,5,105,12596632,3864102,8933438
AL,2005,6,106,9526255,1428004,8627342
AL,2006,1,101,411240,0,246876
AL,2006,2,102,4850787,569508,5149977
AL,2006,3,103,7481717,2250231,7622511
AL,2006,4,104,8344861,815450,5730283
AL,2006,5,105,12665865,3552447,6141360
AL,2006,6,106,9646434,1406921,9739613
AL,2007,1,101,365401,0,242067
AL,2007,2,102,5334996,627399,4292808
AL,2007,3,103,6914325,2471312,8618751
AL,2007,4,104,8359698,719934,4040462
AL,2007,5,105,11818182,4731831,7937824
AL,2007,6,106,10043625,988739,9729872
AL,2008,1,101,358129,0,238200
AL,2008,2,102,3520577,2351507,3371811
AL,2008,3,103,7976673,1665378,7901033
AL,2008,4,104,7776215,1075990,3243476
AL,2008,5,105,13111406,3201630,5357011
AL,2008,6,106,10551381,992037,6529825
AL,2009,1,101,270419,92181,240506
AL,2009,2,102,3372041,2571584,3425230
AL,2009,3,103,6183194,2989507,6919012
AL,2009,4,104,7641772,1514156,2945733
AL,2009,5,105,13391984,3317116,3665260
AL,2009,6,106,11132789,386638,7820396
AL,2010,1,101,189086,177672,50546
AL,2010,2,102,2193333,2854291,5849389
AL,2010,3,103,4752552,3721742,6905368
AL,2010,4,104,8025184,982850,2526868
AL,2010,5,105,13868147,3296986,3545622
AL,2010,6,106,11163778,392949,5738458
AL,2011,1,101,188887,177948,50708
AL,2011,2,102,2110012,2825324,6098078
AL,2011,3,103,4711604,3665684,6308801
AL,2011,4,104,7540269,1458615,1796742
AL,2011,5,105,13508595,3305835,3009073
AL,2011,6,106,12559261,467280,6872965
AL,2012,1,101,325612,168264,118264
AL,2012,2,102,2302281,2375719,4774689
AL,2012,3,103,4635928,3587588,5676695
AL,2012,4,104,7421971,1458011,2445100
AL,2012,5,105,15258997,1952600,3060994
AL,2012,6,106,12421352,656680,6083710
AL,2013,1,101,344594,167479,74500
AL,2013,2,102,2149895,2613194,4851889
AL,2013,3,103,5271634,2805821,5233962
AL,2013,4,104,7281094,1590721,3309798
AL,2013,5,105,14183890,2437598,3431443
AL,2013,6,106,11882092,1482482,4365941
AL,2014,1,101,340554,184637,149926
AL,2014,2,102,2390377,2592620,4326982
AL,2014,3,103,5131067,3451760,4591683
AL,2014,4,104,7204445,1798705,3057905
AL,2014,5,105,15555189,864655,2002036
AL,2014,6,106,12164558,1448580,6309990
AL,2015,1,101,339200,184013,149418
AL,2015,2,102,3671160,1263220,5013505
AL,2015,3,103,5277422,3570150,3071920
AL,2015,4,104,7767550,1428994,4233935
AL,2015,5,105,16129686,920030,2193081
AL,2015,6,106,11348976,2069563,5337000
AL,2016,1,101,440269,82976,147453
AL,2016,2,102,3972119,940571,4967160
AL,2016,3,103,8184275,1182105,3110143
AL,2016,4,104,8342023,1410014,5292777
AL,2016,5,105,14831323,1228055,2949330
AL,2016,6,106,11259331,2539949,4256639
AL,2017,1,101,547036,0,145447
AL,2017,2,102,4302004,790972,2940293
AL,2017,3,103,9110695,863601,2327909
AL,2017,4,104,9422419,853163,5831311
AL,2017,5,105,14603650,1473219,3718029
AL,2017,6,106,11607168,2551023,4261698
AR,1978,1,501,2978536,0,1997796
AR,1978,2,502,1104392,253945,746285
AR,1978,3,503,17360735,1075626,17001646
AR,1978,4,504,5307860,512930,4240857
AR,1978,5,505,11279177,1275924,7411458
AR,1988,1,501,1834500,356484,2314395
AR,1988,2,502,1051884,318597,520491
AR,1988,3,503,17899506,1710780,16189506
AR,1988,4,504,6260513,790962,5232171
AR,1988,5,505,26218487,2791037,7420676
AR,1995,1,501,2419533,64572,506509
AR,1995,2,502,2272575,0,2189069
AR,1995,3,503,17474499,1823191,18783270
AR,1995,4,504,7476643,174710,3650586
AR,1995,5,505,24033833,1803421,8920310
AR,2005,1,501,2808514,388153,542891
AR,2005,2,502,1832110,198371,1770235
AR,2005,3,503,16670303,2513711,13886101
AR,2005,4,504,6421109,328655,4622109
AR,2005,5,505,32227117,3625173,19125496
AR,2009,1,501,2688371,250162,2280451
AR,2009,2,502,1481776,1062707,976875
AR,2009,3,503,15549222,2360557,12772205
AR,2009,4,504,11166459,2995672,5342504
AR,2009,5,505,42083294,4566709,18099221
AR,2010,1,501,3035592,283511,3407274
AR,2010,2,502,1630655,1051756,834496
AR,2010,3,503,15052772,2245543,14546697
AR,2010,4,504,11451912,2944104,4590237
AR,2010,5,505,38674677,6139885,17978994
AR,2011,1,501,3021956,276676,4176251
AR,2011,2,502,1382173,1047016,834496
AR,2011,3,503,15907152,2693925,13124999
AR,2011,4,504,12956964,1525744,2052934
AR,2011,5,505,35924248,6891060,19401113
AR,2012,1,501,2595875,905861,4114234
AR,2012,2,502,1757142,527094,37085
AR,2012,3,503,16396374,2597937,14252867
AR,2012,4,504,13523359,1623552,1147603
AR,2012,5,505,33161884,9062318,14293589
AR,2013,1,501,2561882,829970,4150041
AR,2013,2,502,1904539,518806,36514
AR,2013,3,503,15143177,2688007,11211345
AR,2013,4,504,13671062,2138232,1169916
AR,2013,5,505,31208294,11573062,14906327
AR,2014,1,501,2703641,745244,3218618
AR,2014,2,502,1524262,353950,1091776
AR,2014,3,503,14787909,2378709,12121850
AR,2014,4,504,14935385,2318178,1384880
AR,2014,5,505,20590042,18974301,13841400
AR,2015,1,501,3388340,668642,1995266
AR,2015,2,502,1680127,219375,1069827
AR,2015,3,503,13595614,2770615,8234542
AR,2015,4,504,14900563,2319583,3339085
AR,2015,5,505,19100976,21029479,11068737
AR,2016,1,501,3161150,686217,943917
AR,2016,2,502,1932037,222536,1085341
AR,2016,3,503,13500542,2478031,10573901
AR,2016,4,504,14223471,2899238,3332981
AR,2016,5,505,16605587,21550945,11041867
CT,1985,1,901,367401,1643161,2117305
CT,1998,1,901,1470551,1045948,1651178
CT,2006,1,901,3204875,208767,1817961
CT,2007,1,901,3813263,178911,1707110
CT,2008,1,901,6481422,3668205,3458090
CT,2009,1,901,4607890,2561938,2449213
CT,2010,1,901,4501026,1886099,1791856
CT,2011,1,901,5581044,1483567,1389695
CT,2012,1,901,5487554,1214919,1135327
CT,2013,1,901,5572384,408216,565158
CT,2014,1,901,5400344,161976,983510
CT,2015,1,901,5631613,132003,1399511
CT,2016,1,901,5403509,346382,1824878
DE,1986,1,1001,1213879,220833,1232416
DE,1999,1,1001,1233256,721569,817013
DE,2006,1,1001,1860085,21796,469673
DE,2008,1,1001,2660605,15777,597186
DE,2010,1,1001,871701,547385,917864
DE,2011,1,1001,762504,448073,1449954
DE,2012,1,1001,1018638,422215,1226469
DE,2013,1,1001,1451562,367255,1090545
DE,2014,1,1001,1697518,218226,1120075
DE,2015,1,1001,1706216,167601,1525024
DE,2016,1,1001,1611478,168750,1330557
FL,1970,1,1201,51438,181100,485100
FL,1970,2,1202,538300,98800,428400
FL,1970,3,1203,2700,0,0
FL,1970,4,1204,0,0,0
FL,1980,1,1201,87390,0,510755
FL,1980,2,1202,491368,128215,95931
FL,1980,3,1203,47693,0,108251
FL,1980,4,1204,0,0,0
FL,1987,1,1201,359200,165100,290100
FL,1987,2,1202,535800,151900,206200
FL,1987,3,1203,34000,0,0
FL,1987,4,1204,0,0,0
FL,1995,1,1201,285264,0,195742
FL,1995,2,1202,582435,259797,593498
FL,1995,3,1203,42900,0,0
FL,1995,4,1204,0,0,0
FL,2005,1,1201,247590,0,152013
FL,2005,2,1202,90631,465544,211820
FL,2005,3,1203,0,0,0
FL,2005,4,1204,0,0,0
FL,2007,1,1201,239666,0,86214
FL,2007,2,1202,44591,417920,197405
FL,2007,3,1203,0,0,0
FL,2007,4,1204,0,0,0
FL,2010,1,1201,-159680,269797,0
FL,2010,2,1202,-521719,1218944,217675
FL,2010,3,1203,0,0,0
FL,2010,4,1204,0,0,0
FL,2011,1,1201,-67474,165691,0
FL,2011,2,1202,-269116,787368,1200735
FL,2011,3,1203,0,0,0
FL,2011,4,1204,0,0,0
FL,2012,1,1201,-33556,126569,0
FL,2012,2,1202,8000,578762,1025459
FL,2012,3,1203,0,0,0
FL,2012,4,1204,0,0,0
FL,2013,1,1201,-27137,102140,0
FL,2013,2,1202,12469,457908,828796
FL,2013,3,1203,0,0,0
FL,2013,4,1204,0,0,0
FL,2014,1,1201,75821,0,0
FL,2014,2,1202,222845,183490,792255
FL,2014,3,1203,0,0,0
FL,2014,4,1204,0,0,0
FL,2015,1,1201,162792,0,0
FL,2015,2,1202,637066,0,783589
FL,2015,3,1203,0,0,0
FL,2015,4,1204,0,0,0
GA,1972,1,1301,1637779,307800,999479
GA,1972,2,1302,852081,261500,296320
GA,1972,3,1303,10537420,1007248,2499169
GA,1972,4,1304,10081227,243200,4628755
GA,1972,5,1305,7544730,737000,5535234
GA,1982,1,1301,1594402,0,1336404
GA,1982,2,1302,1038544,100149,378132
GA,1982,3,1303,12059966,245564,5223114
GA,1982,4,1304,11090214,699945,3865617
GA,1982,5,1305,8096891,0,2553287
GA,1989,1,1301,1570961,95513,1364812
GA,1989,2,1302,587821,369897,607085
GA,1989,3,1303,13707948,1006737,12799329
GA,1989,4,1304,11615646,1011840,6161455
GA,1989,5,1305,8352211,479085,5086133
GA,1997,1,1301,1355476,118300,1571309
GA,1997,2,1302,937242,0,1385401
GA,1997,3,1303,12243863,1492597,10456849
GA,1997,4,1304,18422723,1858652,8716268
GA,1997,5,1305,10213419,1379261,1501013
GA,2004,1,1301,474194,472248,6632704
GA,2004,2,1302,425080,351306,490765
GA,2004,3,1303,12252384,4202481,6708569
GA,2004,4,1304,16615374,147622,5724899
GA,2004,5,1305,11682196,5708150,2714803
GA,2005,1,1301,425674,484851,6217943
GA,2005,2,1302,363563,341322,414569
GA,2005,3,1303,14056774,1633739,6903502
GA,2005,4,1304,16163084,159001,10560114
GA,2005,5,1305,11062669,5509600,3530775
GA,2006,1,1301,29038,483297,445620
GA,2006,2,1302,-1124079,1702307,398204
GA,2006,3,1303,14920377,1509256,6467969
GA,2006,4,1304,16012210,169902,10614640
GA,2006,5,1305,9460671,5301075,3332038
GA,2007,1,1301,515143,51151,138929
GA,2007,2,1302,-1209886,1639723,383363
GA,2007,3,1303,15650418,1547402,7623909
GA,2007,4,1304,17545825,263647,9742346
GA,2007,5,1305,13440550,1367173,3327777
GA,2008,1,1301,487502,49717,133432
GA,2008,2,1302,-1092367,1602366,221266
GA,2008,3,1303,14412353,1795178,5403236
GA,2008,4,1304,19188587,294783,8704213
GA,2008,5,1305,13697361,736437,4286695
GA,2009,1,1301,457338,48233,486435
GA,2009,2,1302,-1061061,1542136,212949
GA,2009,3,1303,13669764,2363327,4340752
GA,2009,4,1304,18673050,309463,7193850
GA,2009,5,1305,11346278,2650055,5578742
GA,2010,1,1301,467357,16299,480391
GA,2010,2,1302,-1072974,1542136,0
GA,2010,3,1303,14369546,2267221,4425604
GA,2010,4,1304,19054187,1059571,3562890
GA,2010,5,1305,10836749,3369267,3158884
GA,2011,1,1301,589312,16131,475445
GA,2011,2,1302,409499,87829,630401
GA,2011,3,1303,15825332,2237999,5213753
GA,2011,4,1304,18893216,1227623,3510883
GA,2011,5,1305,10703032,4126156,3005608
GA,2012,1,1301,657589,0,390574
GA,2012,2,1302,543997,0,677180
GA,2012,3,1303,14915133,2691144,5495182
GA,2012,4,1304,19025385,1529204,4337711
GA,2012,5,1305,10504414,4616086,3963386
GA,2013,1,1301,844390,0,387984
GA,2013,2,1302,567712,0,843792
GA,2013,3,1303,15784916,1506900,5966609
GA,2013,4,1304,17543711,1912483,4648474
GA,2013,5,1305,11037234,4799162,2907816
GA,2014,1,1301,805427,0,0
GA,2014,2,1302,609634,0,873364
GA,2014,3,1303,15435661,1348360,8346482
GA,2014,4,1304,17259132,2365746,5001916
GA,2014,5,1305,13156161,2857219,2286648
GA,2015,1,1301,822731,0,30876
GA,2015,2,1302,633050,0,878637
GA,2015,3,1303,15213524,1185575,9253876
GA,2015,4,1304,16699902,2523400,6201653
GA,2015,5,1305,14505581,2075242,2369523
IA,1990,1,1901,1671755,342013,1797583
IA,1990,2,1902,2381330,360146,1304494
IA,1990,3,1903,318668,74923,98122
IA,1990,4,1904,133969,60208,118899
IA,2003,1,1901,8658850,160749,1873721
IA,2003,2,1902,6461335,560167,911812
IA,2003,3,1903,3529875,371273,0
IA,2003,4,1904,1339160,0,1338258
IA,2004,1,1901,489398,267828,0
IA,2004,2,1902,4015033,213576,0
IA,2004,4,1904,404941,101435,0
IA,2005,1,1901,13444049,1000700,3495226
IA,2005,2,1902,2995944,2268031,0
IA,2005,3,1903,3031678,28244,152979
IA,2005,4,1904,541486,47323,0
IA,2006,1,1901,11366256,872353,4460137
IA,2006,2,1902,3148605,1667964,463277
IA,2006,3,1903,2255646,16440,89193
IA,2006,4,1904,348413,27591,0
IA,2007,1,1901,7649923,717053,4228663
IA,2007,2,1902,3244284,2175269,3013743
IA,2007,3,1903,1773211,265754,52445
IA,2007,4,1904,271886,25050,0
IA,2008,1,1901,6280334,1419991,3834220
IA,2008,2,1902,4909258,1538486,3320906
IA,2008,3,1903,1818504,356716,38993
IA,2008,4,1904,292230,17798,0
IA,2009,1,1901,6022919,1818881,3732158
IA,2009,2,1902,4769180,1834779,2627281
IA,2009,3,1903,965960,272571,45061
IA,2009,4,1904,382714,0,1327990
IA,2010,1,1901,580892,2640437,2605305
IA,2010,2,1902,5581203,1202993,2633047
IA,2010,3,1903,992388,273351,0
IA,2010,4,1904,423817,0,1422846
IA,2011,1,1901,483854,2567250,1372108
IA,2011,2,1902,5708747,1267882,2273769
IA,2011,3,1903,1017707,285759,0
IA,2011,4,1904,451068,0,1532297
IA,2012,1,1901,580521,2791557,751660
IA,2012,2,1902,6433858,568126,123828
IA,2012,3,1903,1258537,71372,0
IA,2012,4,1904,451068,0,1532297
IA,2013,1,1901,2618963,1571437,711589
IA,2013,2,1902,6088074,646394,129431
IA,2013,3,1903,1251170,71372,0
IA,2013,4,1904,411970,0,1659988
IA,2014,1,1901,2759352,1557281,626742
IA,2014,2,1902,4922962,1450512,169338
IA,2014,3,1903,1396670,115106,0
IA,2014,4,1904,324374,0,1251851
IA,2015,1,1901,2267854,2008380,652065
IA,2015,2,1902,5151002,1235662,442171
IA,2015,3,1903,1465752,115106,559090
IA,2016,1,1901,5072888,1622133,465089
IA,2016,2,1902,3779008,2212811,531523
IA,2016,3,1903,1428423,228178,516083
IA,2017,1,1901,3891765,2657938,2314396
IA,2017,2,1902,2927424,3027505,539885
IA,2017,3,1903,1395515,228636,516083
IL,1985,1,1701,2565496,177676,0
IL,1985,2,1702,6213115,490217,0
IL,1985,3,1703,7735540,750501,0
IL,1998,1,1701,2683802,916833,930425
IL,1998,2,1702,6840843,1565762,2425913
IL,1998,3,1703,6736631,2596770,2554671
IL,2006,1,1701,4517409,5028147,1604849
IL,2006,2,1702,10441426,111781,0
IL,2006,3,1703,11899351,195112,9480144
IL,2007,1,1701,3067802,2808651,2517254
IL,2007,2,1702,4911927,79467,0
IL,2007,3,1703,10467797,434996,5541741
IL,2008,1,1701,2231779,4448884,1629384
IL,2008,2,1702,4702395,471692,2541908
IL,2008,3,1703,7986685,1007842,4398903
IL,2009,1,1701,3519070,2118665,1983164
IL,2009,2,1702,4623669,1347169,4732068
IL,2009,3,1703,8386387,967103,3300313
IL,2010,1,1701,3892856,1457153,1647232
IL,2010,2,1702,4256830,1578891,3940701
IL,2010,3,1703,7732080,1630452,4949275
IL,2011,1,1701,3928195,1080399,1005317
IL,2011,2,1702,4023548,1740724,4502317
IL,2011,3,1703,6275221,2409234,3134666
IL,2012,1,1701,3541986,1348717,412830
IL,2012,2,1702,4407925,2666075,5004934
IL,2012,3,1703,5432899,2350085,4605248
IL,2013,1,1701,3593985,1168545,980026
IL,2013,2,1702,3127398,3813638,4430247
IL,2013,3,1703,6023371,2020024,5521892
IL,2014,1,1701,3752814,1477957,1074899
IL,2014,2,1702,2449843,4351101,2202899
IL,2014,3,1703,7977339,1923091,6232409
IL,2015,1,1701,3497617,1779532,640586
IL,2015,2,1702,3105656,3678321,2312516
IL,2015,3,1703,6062947,3831076,6333678
IL,2016,1,1701,3798013,1299781,640586
IL,2016,2,1702,3141031,3609027,2271231
IL,2016,3,1703,5280647,4510429,4073912
IN,1986,1,1801,2048922,258745,971877
IN,1986,2,1802,5827612,657404,2682498
IN,1986,3,1803,1426241,170064,585091
IN,1986,4,1804,2629614,178273,1708809
IN,1998,1,1801,2144652,324524,1442599
IN,1998,2,1802,6315715,1264397,2997563
IN,1998,3,1803,1936956,388043,931106
IN,1998,4,1804,4646362,1531642,1231898
IN,2003,1,1801,6281215,0,5709181
IN,2003,2,1802,16170743,62755,5877540
IN,2003,3,1803,1056436,0,0
IN,2003,4,1804,-12753738,2426530,4257961
IN,2004,1,1801,11123225,207019,0
IN,2004,2,1802,12456634,272044,4759397
IN,2004,3,1803,1145520,0,0
IN,2004,4,1804,1964798,759461,0
IN,2005,1,1801,7933694,97436,2436174
IN,2005,2,1802,13830475,382468,6608296
IN,2005,3,1803,4974852,0,0
IN,2005,4,1804,6354802,517478,3651458
IN,2006,1,1801,5350548,568112,1634851
IN,2006,2,1802,13628286,718811,7485878
IN,2006,3,1803,3547345,0,0
IN,2006,4,1804,5219984,322279,2538236
IN,2007,1,1801,4857098,509135,1499729
IN,2007,2,1802,12157031,1374902,6370157
IN,2007,3,1803,3025533,31156,0
IN,2007,4,1804,5098605,255865,2412420
IN,2008,1,1801,4323489,414937,945834
IN,2008,2,1802,11953929,1784310,7358139
IN,2008,3,1803,2925255,22089,0
IN,2008,4,1804,4819768,253178,2183496
IN,2009,1,1801,3074026,361088,2037091
IN,2009,2,1802,9900691,2595948,6664697
IN,2009,3,1803,2971420,16368,0
IN,2009,4,1804,4659283,106141,1801676
IN,2010,1,1801,3227486,361088,2060063
IN,2010,2,1802,8567480,3041089,5380537
IN,2010,3,1803,1877123,16740,0
IN,2010,4,1804,3078933,48863,871789
IN,2011,1,1801,3360472,0,3975637
IN,2011,2,1802,8706074,2758324,3415944
IN,2011,3,1803,1955808,17581,0
IN,2011,4,1804,3079827,49810,702441
IN,2012,1,1801,2536103,425302,3550518
IN,2012,2,1802,8474731,2103864,3018411
IN,2012,3,1803,1644902,175953,0
IN,2012,4,1804,3314658,73498,12234
IN,2013,1,1801,2562009,465807,3447381
IN,2013,2,1802,8619012,1987773,1766285
IN,2013,3,1803,1755226,186153,200649
IN,2013,4,1804,3316634,74519,1326241
IN,2014,1,1801,2914195,429078,3914490
IN,2014,2,1802,9362585,1366404,1590183
IN,2014,3,1803,1791981,191352,246826
IN,2014,4,1804,3348724,68756,1616461
IN,2015,1,1801,2258972,912307,2185997
IN,2015,2,1802,8987510,1826829,1587011
IN,2015,3,1803,1684090,245785,251742
IN,2015,4,1804,3248465,115318,1585051
IN,2016,1,1801,1972810,945859,835203
IN,2016,2,1802,9135538,1494398,4488592
IN,2016,3,1803,1741152,242412,251742
IN,2016,4,1804,3225682,239543,1663847
KS,1981,1,2001,1044114,198867,0
KS,1981,2,2002,584029,42390,0
KS,1981,3,2003,262426,74177,0
KS,1994,1,2001,927915,461339,189925
KS,1994,2,2002,519965,425021,78401
KS,1994,3,2003,-10799,186818,0
KS,2006,1,2001,1386531,0,142120
KS,2006,2,2002,991809,0,698995
KS,2007,1,2001,1579594,0,599074
KS,2007,2,2002,855447,0,295784
KS,2008,1,2001,1105077,0,1260422
KS,2008,2,2002,719846,0,78222
KS,2009,1,2001,1290654,0,1539199
KS,2009,2,2002,833185,0,92262
KS,2009,3,2003,-286151,573137,0
KS,2010,1,2001,1218756,12816,1289369
KS,2010,2,2002,787980,0,74688
KS,2010,3,2003,-254554,498380,0
KS,2011,1,2001,493576,206498,1241904
KS,2011,2,2002,852398,0,1066777
KS,2011,3,2003,219043,0,0
KS,2012,1,2001,376049,214799,977249
KS,2012,2,2002,947639,0,1045442
KS,2012,3,2003,299923,0,0
KS,2013,1,2001,170345,196970,387315
KS,2013,2,2002,891360,0,1195613
KS,2013,3,2003,132208,0,0
KS,2014,1,2001,177342,205262,388532
KS,2014,2,2002,994890,0,1238698
KS,2014,3,2003,1210611,0,0
KS,2015,1,2001,86299,196970,0
KS,2015,2,2002,799989,23325,1253402
KS,2015,3,2003,1210611,0,0
KS,2016,1,2001,104784,208103,0
KS,2016,2,2002,805607,24425,1311485
KS,2016,3,2003,1210611,0,0
KY,1988,1,2101,2945509,859001,2597582
KY,1988,2,2102,8811190,745882,2014777
KY,1988,3,2103,3874459,563458,2832169
KY,1988,4,2104,4499709,263193,1050789
KY,1988,5,2105,8464552,513286,5820311
KY,1988,6,2106,6609641,774899,5055939
KY,1988,7,2107,2444240,323219,1788522
KY,1999,1,2101,3828214,1236543,922503
KY,1999,2,2102,12463539,1197885,12563471
KY,1999,3,2103,10418382,1340401,2438389
KY,1999,4,2104,4620241,626456,1198191
KY,1999,5,2105,12550120,3405405,9781490
KY,1999,6,2106,6026419,1395703,10082957
KY,1999,7,2107,2347290,102953,987601
KY,2006,1,2101,9889742,857165,962509
KY,2006,2,2102,15131031,5227034,18252037
KY,2006,3,2103,11208567,2757748,8048127
KY,2006,4,2104,7897757,2920961,1540606
KY,2006,5,2105,13100796,871073,4596343
KY,2006,6,2106,11638035,0,11581305
KY,2006,7,2107,9921430,0,3060713
KY,2007,1,2101,9489607,685387,7437817
KY,2007,2,2102,13349975,5377766,17853718
KY,2007,3,2103,14040985,1945236,9296335
KY,2007,4,2104,5162822,4832597,940857
KY,2007,5,2105,14339371,1076285,6127730
KY,2007,6,2106,10299308,20641,11057953
KY,2007,7,2107,9298339,0,3256812
KY,2008,1,2101,8658096,664646,5700496
KY,2008,2,2102,12037958,4900012,14779427
KY,2008,3,2103,13948476,2206386,8268609
KY,2008,4,2104,6987695,3588052,941014
KY,2008,5,2105,14337135,1022005,11020666
KY,2008,6,2106,10312351,216731,9020434
KY,2008,7,2107,8388089,341228,2186080
KY,2009,1,2101,8256197,666227,4828790
KY,2009,2,2102,10547276,4645734,13304237
KY,2009,3,2103,14010400,2178832,9616702
KY,2009,4,2104,7501249,2975567,2219309
KY,2009,5,2105,13883216,1219974,9441511
KY,2009,6,2106,10591838,174273,9052011
KY,2009,7,2107,6966456,268914,1750162
KY,2010,1,2101,7626279,669275,6652823
KY,2010,2,2102,9702985,4049892,10556152
KY,2010,3,2103,15146859,1463940,7690091
KY,2010,4,2104,7845083,1949852,3090185
KY,2010,5,2105,12983640,1767957,10906785
KY,2010,6,2106,8956699,433708,7876089
KY,2010,7,2107,5368074,295226,1726356
KY,2011,1,2101,6604678,685652,7064702
KY,2011,2,2102,8429691,3296536,8383302
KY,2011,3,2103,14326193,2422898,6909438
KY,2011,4,2104,7301223,2139546,3071999
KY,2011,5,2105,12927882,1917190,10571583
KY,2011,6,2106,8257185,445923,7813305
KY,2011,7,2107,3713405,713142,1174449
KY,2012,1,2101,5696811,750788,2900005
KY,2012,2,2102,7844685,2824045,4901979
KY,2012,3,2103,12644464,2810456,4551500
KY,2012,4,2104,8214030,457166,3067773
KY,2012,5,2105,13148499,1964556,9574765
KY,2012,6,2106,8036709,418421,5813357
KY,2012,7,2107,3484799,810098,2016334
KY,2013,1,2101,5977142,634165,2906075
KY,2013,2,2102,8571581,2083524,7066531
KY,2013,3,2103,11914381,2836322,6808257
KY,2013,4,2104,7369802,348845,5483173
KY,2013,5,2105,12242196,1983709,7000562
KY,2013,6,2106,7158327,586643,5665542
KY,2013,7,2107,3196900,561379,2006555
KY,2014,1,2101,5652339,532293,4061549
KY,2014,2,2102,8917597,1413319,6248725
KY,2014,3,2103,10689212,2598668,5458813
KY,2014,4,2104,7796441,282518,3997775
KY,2014,5,2105,11064399,2132570,8680612
KY,2014,6,2106,6355513,1260000,5972357
KY,2014,7,2107,3581330,648307,1990365
KY,2015,1,2101,5316757,768669,2461683
KY,2015,2,2102,9056751,1311462,9437951
KY,2015,3,2103,11207668,2585702,5696339
KY,2015,4,2104,7667747,307343,2686667
KY,2015,5,2105,10699694,2191897,8917249
KY,2015,6,2106,7164683,1209763,5218519
KY,2015,7,2107,3697311,662602,1990365
LA,1974,1,2201,900838,0,1323635
LA,1974,2,2202,206699,70741,173522
LA,1974,3,2203,6186095,107678,3887298
LA,1974,4,2204,1187213,58699,1104354
LA,1974,5,2205,6849717,258175,4599932
LA,1984,1,2201,945507,0,511014
LA,1984,2,2202,658241,0,244147
LA,1984,3,2203,4834513,501896,3836923
LA,1984,4,2204,1244744,139142,300982
LA,1984,5,2205,10657330,693814,6586257
LA,1991,1,2201,844650,0,227091
LA,1991,2,2202,49728,404084,130602
LA,1991,3,2203,5502495,251211,2881833
LA,1991,4,2204,2603619,0,532113
LA,1991,5,2205,6635582,713203,8172631
LA,2005,1,2201,1294772,0,549776
LA,2005,2,2202,16514,340014,611019
LA,2005,3,2203,5285619,716910,2240286
LA,2005,4,2204,1728098,401765,1880334
LA,2005,5,2205,5833387,761996,8350027
LA,2009,1,2201,30707,0,0
LA,2009,2,2202,1413681,0,3960097
LA,2009,3,2203,6182388,174786,119294
LA,2009,4,2204,2318055,813679,0
LA,2009,5,2205,7224074,595444,10834868
LA,2010,1,2201,-1313925,1728587,1402084
LA,2010,2,2202,1048600,0,2212519
LA,2010,3,2203,4611932,466045,1244086
LA,2010,4,2204,248636,2273207,64312
LA,2010,5,2205,7068269,1176281,6436844
LA,2011,1,2201,-434418,1184463,1106785
LA,2011,2,2202,1644013,0,1482122
LA,2011,3,2203,2392875,2451679,2437788
LA,2011,4,2204,752530,1193458,707866
LA,2011,5,2205,4202661,3101206,4629562
LA,2012,1,2201,-394451,991961,900369
LA,2012,2,2202,1167377,0,1092883
LA,2012,3,2203,2737348,2100975,2965088
LA,2012,4,2204,855711,834792,555346
LA,2012,5,2205,4872712,2557959,4062845
LA,2013,1,2201,195596,1067721,800655
LA,2013,2,2202,925452,0,866077
LA,2013,3,2203,2434039,3119978,2830941
LA,2013,4,2204,1290813,686785,436799
LA,2013,5,2205,6039207,2031258,3944215
LA,2014,1,2201,148690,957836,685287
LA,2014,2,2202,958963,0,798790
LA,2014,3,2203,2827140,3099323,3778776
LA,2014,4,2204,1523797,554808,473143
LA,2014,5,2205,6116946,1864980,3650758
LA,2015,1,2201,268470,862450,1012184
LA,2015,2,2202,876866,0,705415
LA,2015,3,2203,3053108,2744329,3565522
LA,2015,4,2204,1896025,485922,1390522
LA,2015,5,2205,5955318,1719248,3224149
MA,1985,1,2501,710714,1355554,1101581
MA,1998,1,2501,146576,1014984,3339983
MA,2006,1,2501,3997096,372583,1486285
MA,2007,1,2501,3857407,370898,1310402
MA,2008,1,2501,3144449,76696,1124877
MA,2009,1,2501,2985560,369784,601852
MA,2010,1,2501,2514802,1284361,580606
MA,2011,1,2501,3124482,1015988,466977
MA,2012,1,2501,3137766,960850,782516
MA,2013,1,2501,3138718,1013518,505265
MA,2014,1,2501,3289127,1006220,514244
MA,2015,1,2501,3405140,1005383,513307
MA,2016,1,2501,3896935,481579,404578
MD,1986,2,2402,7392605,487572,3605252
MD,1986,3,2403,1513546,77052,1991269
MD,1986,4,2404,1558547,98943,3789316
MD,1986,5,2405,851383,152805,1649896
MD,1999,2,2402,1476005,1508343,6199631
MD,1999,3,2403,1585779,66353,396589
MD,1999,4,2404,-130388,1269370,643164
MD,1999,5,2405,97048,870099,1204796
MD,2006,2,2402,4160960,1475029,0
MD,2006,3,2403,867921,0,163692
MD,2006,4,2404,1004572,243284,21481
MD,2006,5,2405,73752,0,568129
MD,2008,2,2402,3169462,1050031,477383
MD,2008,3,2403,1311024,385595,711510
MD,2008,4,2404,111817,1124326,17464
MD,2008,5,2405,890524,38394,1250694
MD,2009,2,2402,2562513,211034,0
MD,2009,3,2403,1915690,158881,0
MD,2009,4,2404,425281,414102,0
MD,2009,5,2405,1739793,605860,0
MD,2010,2,2402,3329927,2161571,1021612
MD,2010,3,2403,2108893,68086,0
MD,2010,4,2404,1187480,172286,0
MD,2010,5,2405,1408498,253705,370820
MD,2011,2,2402,4795140,2031471,1135852
MD,2011,3,2403,1824324,64944,0
MD,2011,4,2404,913655,119946,446191
MD,2011,5,2405,-98575,1847417,3852798
MD,2012,2,2402,4895725,1548410,885606
MD,2012,3,2403,1848104,220994,0
MD,2012,4,2404,1021880,113659,3258987
MD,2012,5,2405,39100,1395986,3018491
MD,2013,2,2402,4737169,1290740,939909
MD,2013,3,2403,1725874,267935,0
MD,2013,4,2404,906908,166655,2762019
MD,2013,5,2405,328475,1354013,2241659
MD,2014,2,2402,4488064,1702788,972143
MD,2014,3,2403,904086,999900,0
MD,2014,4,2404,968450,86016,2782376
MD,2014,5,2405,384569,1309540,2235195
MD,2015,2,2402,4433125,2116419,1293985
MD,2015,3,2403,1372985,1067057,0
MD,2015,4,2404,859065,121607,2775831
MD,2015,5,2405,427219,1389720,2105617
MD,2016,2,2402,4876894,1565189,541477
MD,2016,3,2403,1114015,1440595,0
MD,2016,4,2404,329016,615063,3067368
MD,2016,5,2405,479143,1327922,2035046
ME,1995,1,2301,0,0,0
ME,1995,2,2302,0,0,0
ME,1995,3,2303,156389,17914,0
ME,1995,4,2304,0,0,0
ME,1995,5,2305,0,0,0
ME,1995,6,2306,0,0,0
ME,1995,7,2307,0,0,0
ME,1995,8,2308,47144,8741,105900
ME,1995,9,2309,126925,0,0
ME,2006,1,2301,0,0,0
ME,2006,2,2302,0,0,0
ME,2006,3,2303,87720,0,0
ME,2006,4,2304,0,0,0
ME,2006,5,2305,0,0,0
ME,2006,6,2306,12548,0,0
ME,2006,7,2307,0,0,0
ME,2006,8,2308,194045,82807,374983
ME,2006,9,2309,32988,0,0
ME,2007,1,2301,0,0,0
ME,2007,2,2302,0,0,0
ME,2007,3,2303,70524,0,0
ME,2007,4,2304,0,0,0
ME,2007,5,2305,0,0,0
ME,2007,6,2306,55579,0,0
ME,2007,7,2307,0,0,0
ME,2007,8,2308,306804,61938,359300
ME,2007,9,2309,26421,0,0
ME,2008,1,2301,0,0,0
ME,2008,2,2302,0,0,0
ME,2008,3,2303,60459,0,0
ME,2008,4,2304,0,0,0
ME,2008,5,2305,0,0,0
ME,2008,6,2306,81719,0,0
ME,2008,7,2307,0,0,0
ME,2008,8,2308,274438,49127,278633
ME,2008,9,2309,46131,0,0
ME,2009,1,2301,0,0,0
ME,2009,2,2302,0,0,0
ME,2009,3,2303,59479,0,0
ME,2009,4,2304,0,0,0
ME,2009,5,2305,0,0,0
ME,2009,6,2306,81774,0,0
ME,2009,7,2307,0,0,0
ME,2009,8,2308,259962,52239,381476
ME,2009,9,2309,48333,0,0
ME,2010,1,2301,0,0,0
ME,2010,2,2302,0,0,0
ME,2010,3,2303,46884,0,0
ME,2010,4,2304,0,0,0
ME,2010,5,2305,0,0,0
ME,2010,6,2306,85932,0,0
ME,2010,7,2307,0,0,0
ME,2010,8,2308,449357,53113,198797
ME,2010,9,2309,43341,0,0
ME,2011,1,2301,0,0,0
ME,2011,2,2302,0,0,0
ME,2011,3,2303,46884,0,0
ME,2011,4,2304,0,0,0
ME,2011,5,2305,0,0,0
ME,2011,6,2306,86703,0,0
ME,2011,7,2307,0,0,0
ME,2011,8,2308,517477,11830,340397
ME,2011,9,2309,44848,0,0
ME,2012,1,2301,0,0,0
ME,2012,2,2302,0,0,0
ME,2012,3,2303,46033,0,0
ME,2012,4,2304,0,0,0
ME,2012,5,2305,0,0,0
ME,2012,6,2306,88552,0,0
ME,2012,7,2307,8686,0,0
ME,2012,8,2308,507801,11783,609206
ME,2012,9,2309,45078,0,0
ME,2013,1,2301,0,0,0
ME,2013,2,2302,0,0,0
ME,2013,3,2303,45210,0,0
ME,2013,4,2304,0,0,0
ME,2013,5,2305,0,0,0
ME,2013,6,2306,88792,0,0
ME,2013,7,2307,8686,0,0
ME,2013,8,2308,488662,11878,612331
ME,2013,9,2309,64177,0,0
ME,2014,1,2301,0,0,0
ME,2014,2,2302,0,0,0
ME,2014,3,2303,38985,0,0
ME,2014,4,2304,0,0,0
ME,2014,5,2305,0,0,0
ME,2014,6,2306,89136,0,0
ME,2014,7,2307,8120,0,0
ME,2014,8,2308,502059,11429,419825
ME,2014,9,2309,58812,0,0
ME,2015,1,2301,0,0,0
ME,2015,2,2302,0,0,0
ME,2015,3,2303,83019,0,0
ME,2015,4,2304,0,0,0
ME,2015,5,2305,0,0,0
ME,2015,6,2306,98410,0,0
ME,2015,7,2307,10773,0,0
ME,2015,8,2308,396773,11516,568185
ME,2015,9,2309,116799,0,19620
ME,2016,1,2301,0,0,0
ME,2016,2,2302,0,0,0
ME,2016,3,2303,84080,0,0
ME,2016,4,2304,0,0,0
ME,2016,5,2305,0,0,0
ME,2016,6,2306,97525,0,0
ME,2016,7,2307,10849,0,0
ME,2016,8,2308,389397,0,447341
ME,2016,9,2309,117750,0,19620
MI,1980,1,2601,7339,484,0
MI,1980,2,2602,0,0,0
MI,1980,3,2603,3346060,290202,0
MI,1980,4,2604,7611654,363253,0
MI,1993,1,2601,19324,72,0
MI,1993,2,2602,0,0,0
MI,1993,3,2603,4926103,172205,544766
MI,1993,4,2604,8131428,684520,1544875
MI,2003,1,2601,0,0,0
MI,2003,2,2602,0,0,0
MI,2003,3,2603,6771173,1647768,1664613
MI,2003,4,2604,8960073,1169536,2576555
MI,2004,1,2601,0,0,0
MI,2004,2,2602,0,0,0
MI,2004,3,2603,6184457,1458774,1404159
MI,2004,4,2604,9401398,964184,2123718
MI,2005,1,2601,0,0,0
MI,2005,2,2602,0,0,0
MI,2005,3,2603,3427624,513227,364891
MI,2005,4,2604,15541279,0,5207692
MI,2006,1,2601,0,0,0
MI,2006,2,2602,0,0,0
MI,2006,3,2603,7927886,1263484,4248627
MI,2006,4,2604,10181787,614903,2319389
MI,2007,1,2601,30465,0,0
MI,2007,2,2602,0,0,0
MI,2007,3,2603,8495695,2044820,3299851
MI,2007,4,2604,8948379,2026849,2346861
MI,2008,1,2601,41169,20184,0
MI,2008,2,2602,0,0,0
MI,2008,3,2603,7390789,1631316,2100414
MI,2008,4,2604,9591633,1513871,1905942
MI,2009,1,2601,54450,20023,0
MI,2009,2,2602,0,0,0
MI,2009,3,2603,7584506,1685248,2049795
MI,2009,4,2604,10067635,1389915,1835540
MI,2010,1,2601,58524,24325,0
MI,2010,2,2602,0,0,0
MI,2010,3,2603,7883936,1163288,2049069
MI,2010,4,2604,9820042,1371733,1552104
MI,2011,1,2601,12336,31463,0
MI,2011,2,2602,0,0,0
MI,2011,3,2603,7853533,1110161,674805
MI,2011,4,2604,9835075,1404815,1827706
MI,2012,1,2601,27973,44288,0
MI,2012,2,2602,0,0,0
MI,2012,3,2603,8549437,586249,1535166
MI,2012,4,2604,8162852,2792123,1187014
MI,2013,1,2601,68600,0,0
MI,2013,2,2602,0,0,0
MI,2013,3,2603,8358841,570914,1052413
MI,2013,4,2604,10181319,2373939,1198007
MI,2014,1,2601,67683,0,0
MI,2014,2,2602,0,0,0
MI,2014,3,2603,8472377,515676,1251305
MI,2014,4,2604,9802987,2295674,1948688
MI,2015,1,2601,68516,0,0
MI,2015,2,2602,0,0,0
MI,2015,3,2603,8495726,641471,1200907
MI,2015,4,2604,9219673,2157196,2379494
MI,2016,1,2601,68017,0,0
MI,2016,2,2602,0,0,0
MI,2016,3,2603,8669510,662464,1493572
MI,2016,4,2604,9536089,1991268,2563402
MN,1977,1,2701,200236,8779,0
MN,1977,2,2702,3007479,301909,0
MN,1977,3,2703,4381880,446806,0
MN,1977,4,2704,1588627,159866,0
MN,1990,1,2701,225075,6652,26412
MN,1990,2,2702,4990312,337368,315738
MN,1990,3,2703,4898678,335163,1517640
MN,1990,4,2704,1774701,228832,944653
MN,2003,1,2701,646362,45140,51587
MN,2003,2,2702,6317167,299880,676678
MN,2003,3,2703,15233132,308713,2967340
MN,2003,4,2704,6815938,503835,374741
MN,2004,1,2701,336874,0,1586733
MN,2004,2,2702,13512765,1927202,5022684
MN,2004,3,2703,7532716,64654,1477055
MN,2004,4,2704,3865284,52325,0
MN,2005,1,2701,432638,0,515187
MN,2005,2,2702,10145341,1228952,2275372
MN,2005,3,2703,13189984,164911,2731569
MN,2005,4,2704,2718923,572833,0
MN,2006,1,2701,404190,0,365183
MN,2006,2,2702,10671249,1409745,2572452
MN,2006,3,2703,10442582,468171,2093866
MN,2006,4,2704,1408259,426700,168346
MN,2007,1,2701,308454,0,248314
MN,2007,2,2702,11411864,1098566,2136242
MN,2007,3,2703,8946305,872869,1802555
MN,2007,4,2704,1693705,313410,1141887
MN,2008,1,2701,330294,0,211329
MN,2008,2,2702,10944320,1121367,2196457
MN,2008,3,2703,8610987,1147296,1579504
MN,2008,4,2704,1574516,426695,1043627
MN,2009,1,2701,278713,19295,63020
MN,2009,2,2702,10152507,941785,1755301
MN,2009,3,2703,8221964,1408072,1734483
MN,2009,4,2704,1935450,255482,767962
MN,2010,1,2701,239937,19430,62404
MN,2010,2,2702,9801117,858879,1614463
MN,2010,3,2703,6354859,1715620,1073468
MN,2010,4,2704,1948585,85950,778621
MN,2011,1,2701,229507,19681,39543
MN,2011,2,2702,8446289,1036189,1171620
MN,2011,3,2703,5690024,1641271,1138367
MN,2011,4,2704,2407210,59463,705392
MN,2012,1,2701,285536,19681,40144
MN,2012,2,2702,7518292,1059653,1229673
MN,2012,3,2703,6300051,1381232,1312746
MN,2012,4,2704,2166505,100807,19422
MN,2013,1,2701,309572,37842,0
MN,2013,2,2702,7688069,1180303,1213115
MN,2013,3,2703,6516994,1272187,1553074
MN,2013,4,2704,2127583,89437,38368
MN,2014,1,2701,325866,16052,0
MN,2014,2,2702,7247898,1087233,1150200
MN,2014,3,2703,6913773,951997,1417980
MN,2014,4,2704,1775615,114265,35681
MN,2015,1,2701,333209,50945,0
MN,2015,2,2702,7624875,1059214,1350375
MN,2015,3,2703,7109143,700742,1747897
MN,2015,4,2704,1534228,286851,97617
MN,2016,1,2701,333553,49104,0
MN,2016,2,2702,7590302,1120471,1541813
MN,2016,3,2703,7364506,680254,1595504
MN,2016,4,2704,823979,880335,138606
MO,1989,1,2901,17811271,1138041,1267061
MO,1989,2,2902,6905133,459975,478831
MO,1989,3,2903,6041057,533134,456264
MO,1989,4,2904,6864076,947990,443127
MO,1989,5,2905,10840689,1600923,2984136
MO,2003,1,2901,28659721,1600597,8494071
MO,2003,2,2902,19577214,716599,4094275
MO,2003,3,2903,18585892,990861,2946544
MO,2003,4,2904,21950945,883012,4209951
MO,2003,5,2905,29804584,2789857,7615525
MO,2004,1,2901,35208292,3620407,6271613
MO,2004,2,2902,14319455,3911303,5924795
MO,2004,3,2903,22083243,4557649,3926393
MO,2004,4,2904,21709135,3166182,2744278
MO,2004,5,2905,20835677,3639911,17838388
MO,2005,1,2901,36347263,3238878,5335277
MO,2005,2,2902,16611961,2456986,7044227
MO,2005,3,2903,17709035,2697958,3347650
MO,2005,4,2904,19034511,1624417,1363893
MO,2005,5,2905,16078767,3557461,16872159
MO,2006,1,2901,37910238,5009492,5796219
MO,2006,2,2902,16081442,2039590,5263774
MO,2006,3,2903,16144648,2085188,2893995
MO,2006,4,2904,15967814,1806885,1488905
MO,2006,5,2905,17973538,4159286,16282845
MO,2007,1,2901,35391285,5035312,6598144
MO,2007,2,2902,14657609,1823882,5073417
MO,2007,3,2903,14946676,1970511,3852138
MO,2007,4,2904,15041036,1666428,3757312
MO,2007,5,2905,19142875,4423448,14200381
MO,2008,1,2901,35281758,5071498,10983853
MO,2008,2,2902,14372122,2195258,4823639
MO,2008,3,2903,14383230,1881375,3471164
MO,2008,4,2904,16287688,1840208,5622638
MO,2008,5,2905,18423176,3889402,11801078
MO,2009,1,2901,34502067,5261764,10688980
MO,2009,2,2902,14617691,1716954,4536904
MO,2009,3,2903,13730447,1305239,4601692
MO,2009,4,2904,13220580,2100168,5671564
MO,2009,5,2905,17724294,5114709,10110357
MO,2010,1,2901,35391344,5550512,12720259
MO,2010,2,2902,13704578,2420915,5427933
MO,2010,3,2903,12907761,1479087,4229313
MO,2010,4,2904,12080663,3011686,5804761
MO,2010,5,2905,16569852,5738635,9258771
MO,2011,1,2901,33424631,6235862,12642270
MO,2011,2,2902,14233831,2765915,5405064
MO,2011,3,2903,12558981,1354742,5568537
MO,2011,4,2904,12116869,2817594,5541701
MO,2011,5,2905,15130587,6320782,10195110
MO,2012,1,2901,33109303,7102801,12825224
MO,2012,2,2902,14143123,3278835,6202370
MO,2012,3,2903,12494369,1293273,4655116
MO,2012,4,2904,11504657,2820591,4663192
MO,2012,5,2905,9542271,7919975,9669558
MO,2013,1,2901,28935416,9625867,10610762
MO,2013,2,2902,13340024,3734012,6367033
MO,2013,3,2903,10316108,3358580,4684212
MO,2013,4,2904,10753123,2989465,4619220
MO,2013,5,2905,9636162,8108459,10372937
MO,2014,1,2901,29175127,10771333,11050168
MO,2014,2,2902,12408039,5249240,6418999
MO,2014,3,2903,9437499,3685374,3472100
MO,2014,4,2904,10163117,3198243,5709009
MO,2014,5,2905,9617306,8265530,7736097
MO,2015,1,2901,25608744,13753412,11071935
MO,2015,2,2902,11648691,5999602,5182893
MO,2015,3,2903,7939757,4792997,3068446
MO,2015,4,2904,10261833,2693500,4688107
MO,2015,5,2905,8503659,8386810,8203069
MO,2016,1,2901,23707284,15855403,10361153
MO,2016,2,2902,11436480,5788572,4451457
MO,2016,3,2903,7401723,5291050,3066473
MO,2016,4,2904,8445586,4099429,5625461
MO,2016,5,2905,8773388,8457727,6566975
MS,1977,1,2801,1794018,306096,1820433
MS,1977,2,2802,11051511,201210,5605399
MS,1977,3,2803,7202434,712675,5939983
MS,1977,4,2804,3496672,232015,2572238
MS,1977,5,2805,4791355,257716,1918860
MS,1987,1,2801,2734782,86144,1564062
MS,1987,2,2802,16520829,707689,9768260
MS,1987,3,2803,11253752,644444,6491864
MS,1987,4,2804,3895203,412746,2809121
MS,1987,5,2805,7581748,338618,2061522
MS,1994,1,2801,2333386,388900,2565939
MS,1994,2,2802,14987252,861757,19229249
MS,1994,3,2803,10598743,538262,13427400
MS,1994,4,2804,4143245,279858,4204318
MS,1994,5,2805,6434947,721425,6409371
MS,2006,1,2801,2164848,0,1127962
MS,2006,2,2802,14010888,1247202,10037342
MS,2006,3,2803,8120140,1480359,9142094
MS,2006,4,2804,1847806,1507486,3815857
MS,2006,5,2805,6260008,1744816,4865016
MS,2009,1,2801,1691162,0,0
MS,2009,2,2802,17058410,0,19580882
MS,2009,3,2803,18474452,241556,0
MS,2009,4,2804,3197974,0,0
MS,2009,5,2805,7192936,3502363,0
MS,2010,1,2801,1387982,0,0
MS,2010,2,2802,16218651,1282781,11295000
MS,2010,3,2803,14917167,110648,210225
MS,2010,4,2804,1571527,3034343,436319
MS,2010,5,2805,273937,11585424,569699
MS,2011,1,2801,1476279,0,0
MS,2011,2,2802,20997384,954224,17034878
MS,2011,3,2803,15332711,68057,5622477
MS,2011,4,2804,1239144,3017819,347692
MS,2011,5,2805,2401959,7521001,1314231
MS,2012,1,2801,1209716,0,0
MS,2012,2,2802,21123864,714907,14660550
MS,2012,3,2803,12748302,838780,5107905
MS,2012,4,2804,544591,3291208,2057604
MS,2012,5,2805,1858162,6983584,908870
MS,2013,1,2801,1367868,0,0
MS,2013,2,2802,21027178,1043415,17218544
MS,2013,3,2803,12260505,1734868,4913568
MS,2013,4,2804,1047148,2635930,1710445
MS,2013,5,2805,2666969,5517417,753423
MS,2014,1,2801,1444081,0,236926
MS,2014,2,2802,20050114,889286,15468994
MS,2014,3,2803,12111306,1532303,4415999
MS,2014,4,2804,1510099,2157857,1490758
MS,2014,5,2805,2253977,4917485,775365
MS,2015,1,2801,1360752,0,200477
MS,2015,2,2802,19496185,1046671,14041280
MS,2015,3,2803,13168428,1365402,4300367
MS,2015,4,2804,1607233,1905188,1333839
MS,2015,5,2805,2375347,4575532,1438497
MS,2016,1,2801,1356443,0,492186
MS,2016,2,2802,19316429,1077982,12100403
MS,2016,3,2803,11918702,1921553,4845906
MS,2016,4,2804,2397079,807737,258416
MS,2016,5,2805,4548861,1772291,2004482
NC,1974,1,3701,7052301,372300,4424100
NC,1974,2,3702,9984675,309110,8556642
NC,1974,3,3703,36762763,1041000,24535737
NC,1974,4,3704,9528227,279800,5863700
NC,1984,1,3701,8789521,183163,4645392
NC,1984,2,3702,12188840,1153020,9429565
NC,1984,3,3703,32133952,1188900,18862313
NC,1984,4,3704,7772001,801801,4493499
NC,1990,1,3701,9046400,899800,6051700
NC,1990,2,3702,9867785,1408396,15363999
NC,1990,3,3703,30531439,3517030,23088992
NC,1990,4,3704,7178750,1115970,3315864
NC,2002,1,3701,4714014,4094951,11323261
NC,2002,2,3702,7649378,3286433,12856575
NC,2002,3,3703,31135652,5690296,27212626
NC,2002,4,3704,6716854,1242183,4554316
NC,2007,1,3701,7973869,1514707,6130850
NC,2007,2,3702,5206822,473937,8192729
NC,2007,3,3703,34437375,3297123,30890784
NC,2007,4,3704,19910890,1574041,4657168
NC,2009,1,3701,7125632,1341352,9765922
NC,2009,2,3702,4955515,453406,8030972
NC,2009,3,3703,39466516,3436276,19867829
NC,2009,4,3704,20259750,1588151,3242692
NC,2010,1,3701,6303379,1372049,10615498
NC,2010,2,3702,4630845,622615,9995051
NC,2010,3,3703,44499283,3701242,16509000
NC,2010,4,3704,20506743,1875103,4451324
NC,2011,1,3701,7192811,1146189,9700607
NC,2011,2,3702,4999726,501396,8555549
NC,2011,3,3703,48464013,4045742,16971257
NC,2011,4,3704,19419259,1961918,5703992
NC,2012,1,3701,7033708,1088490,8164042
NC,2012,2,3702,4967650,625853,8049647
NC,2012,3,3703,53532865,2613317,19424335
NC,2012,4,3704,17108264,1491387,6074823
NC,2013,1,3701,5917531,1292349,7964755
NC,2013,2,3702,5266720,1037239,8093971
NC,2013,3,3703,52200916,2833701,19353572
NC,2013,4,3704,11544913,2874493,6485748
NC,2014,1,3701,6087227,579454,7809726
NC,2014,2,3702,5197876,1001256,6717674
NC,2014,3,3703,52386676,3699838,17520709
NC,2014,4,3704,11146755,2796427,7060936
NC,2015,1,3701,6154812,469794,7433709
NC,2015,2,3702,4804003,938368,6011504
NC,2015,3,3703,51823927,4071938,17734933
NC,2015,4,3704,10891633,2824094,7132660
NC,2016,1,3701,6610761,616377,7275411
NC,2016,2,3702,4188268,1272513,3610466
NC,2016,3,3703,49302467,4097733,15620672
NC,2016,4,3704,9908918,2768724,6292393
ND,1980,1,3801,827008,26783,0
ND,1995,1,3801,892033,259929,164964
ND,2006,1,3801,5933771,608032,3047608
ND,2007,1,3801,2348943,271690,1452868
ND,2008,1,3801,1643726,165774,1222921
ND,2009,1,3801,2090026,178748,1114135
ND,2010,1,3801,1899043,189659,939563
ND,2011,1,3801,1560161,56522,367554
ND,2012,1,3801,1623516,57237,368842
ND,2013,1,3801,1639223,59331,368440
ND,2014,1,3801,1317102,191844,259143
ND,2015,1,3801,1280127,147569,48782
ND,2016,1,3801,1274674,147569,48782
NE,1983,1,3101,249987,73679,0
NE,1983,2,3102,224692,0,0
NE,1994,1,3101,1219888,504851,162896
NE,1994,2,3102,541321,149137,0
NE,2006,1,3101,2291197,0,317404
NE,2007,1,3101,1309752,425438,180952
NE,2007,2,3102,885886,58697,236989
NE,2008,1,3101,1096040,340826,110476
NE,2008,2,3102,406423,451789,191427
NE,2009,1,3101,1377094,952566,87015
NE,2009,2,3102,27002,763841,111068
NE,2010,1,3101,1201571,837234,111372
NE,2010,2,3102,157551,539831,94652
NE,2011,1,3101,2469858,1008737,45069
NE,2011,2,3102,46362,525580,97605
NE,2012,1,3101,2327291,1243145,46262
NE,2012,2,3102,12913,500767,0
NE,2013,1,3101,2229827,1336129,43935
NE,2013,2,3102,397002,125165,0
NE,2014,1,3101,2433060,899188,43096
NE,2014,2,3102,403919,106168,0
NE,2015,1,3101,1772774,856214,0
NE,2015,2,3102,-423991,941554,0
NE,2016,1,3101,1753583,817419,933270
NE,2016,2,3102,-423002,941554,0
NH,1997,2,3302,-70583,0,136365
NH,1997,3,3303,1168727,120424,1146147
NH,2006,2,3302,426041,0,0
NH,2006,3,3303,282746,406725,315236
NH,2007,2,3302,374137,0,0
NH,2007,3,3303,729107,385752,427906
NH,2008,2,3302,38360,0,0
NH,2008,3,3303,877522,142654,0
NH,2009,2,3302,321203,0,0
NH,2009,3,3303,1452617,110424,0
NH,2010,2,3302,212531,0,0
NH,2010,3,3303,1103018,200937,114289
NH,2011,2,3302,162378,0,0
NH,2011,3,3303,1312459,170541,81553
NH,2012,2,3302,135354,0,0
NH,2012,3,3303,1275715,136984,114293
NH,2013,2,3302,173574,0,0
NH,2013,3,3303,1289677,89712,108931
NH,2014,2,3302,155898,0,0
NH,2014,3,3303,1028147,90811,111277
NH,2015,2,3302,158625,0,0
NH,2015,3,3303,1006396,90844,112897
NH,2016,2,3302,159487,0,0
NH,2016,3,3303,1063393,21548,48192
NJ,1987,1,3401,4076069,1208647,642271
NJ,1999,1,3401,834569,1908097,3419559
NJ,2006,1,3401,5033798,381430,0
NJ,2008,1,3401,4362640,273411,286896
NJ,2009,1,3401,4831555,2533047,3857188
NJ,2010,1,3401,4999246,1993554,2862584
NJ,2011,1,3401,3066257,2718911,1862719
NJ,2012,1,3401,2752671,2212792,1618729
NJ,2013,1,3401,2412066,2148691,1388765
NJ,2014,1,3401,2302126,2877025,292090
NJ,2015,1,3401,1606756,2784678,208864
NJ,2016,1,3401,2108613,2468760,210124
NY,1993,1,3601,14641,104343,101364
NY,1993,2,3602,686651,168040,174245
NY,1993,3,3603,16503,0,0
NY,1993,4,3604,28070,29332,31419
NY,1993,5,3605,1205558,126024,877923
NY,1993,6,3606,468234,108205,459043
NY,1993,7,3607,649536,211075,321020
NY,1993,8,3608,309341,1289351,1484448
NY,2006,1,3601,658755,0,0
NY,2006,2,3602,1162706,0,0
NY,2006,3,3603,0,0,0
NY,2006,4,3604,0,0,0
NY,2006,5,3605,1367627,0,1967242
NY,2006,6,3606,1003471,0,2664909
NY,2006,7,3607,1060133,240256,0
NY,2006,8,3608,2284318,404457,0
NY,2007,1,3601,540218,0,0
NY,2007,2,3602,1125732,0,832647
NY,2007,3,3603,0,0,0
NY,2007,4,3604,0,0,0
NY,2007,5,3605,1791916,0,2746288
NY,2007,6,3606,1415969,0,2024053
NY,2007,7,3607,864456,208522,0
NY,2007,8,3608,2031122,849421,178771
NY,2008,1,3601,1117185,0,0
NY,2008,2,3602,1677701,705566,129999
NY,2008,3,3603,39516,0,0
NY,2008,4,3604,16490,0,0
NY,2008,5,3605,515069,173998,0
NY,2008,6,3606,21385,208321,0
NY,2008,7,3607,2044118,219915,0
NY,2008,8,3608,2067501,3232599,0
NY,2009,1,3601,708658,0,0
NY,2009,2,3602,899675,1199374,180651
NY,2009,3,3603,16985,0,0
NY,2009,4,3604,9331,0,0
NY,2009,5,3605,908743,243217,0
NY,2009,6,3606,333854,182764,578676
NY,2009,7,3607,1685503,131780,0
NY,2009,8,3608,3958603,1370170,373745
NY,2010,1,3601,135689,608329,0
NY,2010,2,3602,1045757,838763,113282
NY,2010,3,3603,11927,0,0
NY,2010,4,3604,65820,0,0
NY,2010,5,3605,792266,153171,185134
NY,2010,6,3606,283955,124082,392874
NY,2010,7,3607,1685492,88994,0
NY,2010,8,3608,4573984,939427,350445
NY,2011,1,3601,205671,538412,0
NY,2011,2,3602,962247,648330,81393
NY,2011,3,3603,12583,0,0
NY,2011,4,3604,47922,0,0
NY,2011,5,3605,915965,118577,143321
NY,2011,6,3606,458537,98400,311559
NY,2011,7,3607,1721577,69577,0
NY,2011,8,3608,3541777,1119141,273124
NY,2012,1,3601,189493,444345,0
NY,2012,2,3602,1252277,520726,68639
NY,2012,3,3603,14212,0,0
NY,2012,4,3604,38112,0,0
NY,2012,5,3605,944499,92436,111725
NY,2012,6,3606,409566,128889,249730
NY,2012,7,3607,1509598,56514,0
NY,2012,8,3608,4001360,994312,226736
NY,2013,1,3601,504432,331457,0
NY,2013,2,3602,1561407,344987,314472
NY,2013,3,3603,14116,0,0
NY,2013,4,3604,55619,0,0
NY,2013,5,3605,1136072,53123,82080
NY,2013,6,3606,443271,109976,266112
NY,2013,7,3607,1665799,0,0
NY,2013,8,3608,4065380,827320,249525
NY,2014,1,3601,507468,332098,0
NY,2014,2,3602,1746992,0,325476
NY,2014,3,3603,14405,0,0
NY,2014,4,3604,55619,0,0
NY,2014,5,3605,155243,960628,130696
NY,2014,6,3606,562000,86299,0
NY,2014,7,3607,1722579,0,89612
NY,2014,8,3608,3519371,869007,641150
NY,2015,1,3601,472672,353998,0
NY,2015,2,3602,1861857,0,259797
NY,2015,3,3603,14228,0,0
NY,2015,4,3604,74270,0,0
NY,2015,5,3605,194208,947498,128106
NY,2015,6,3606,572239,89437,0
NY,2015,7,3607,1302450,307904,326306
NY,2015,8,3608,3556774,871037,383328
NY,2016,1,3601,793725,99084,0
NY,2016,2,3602,1909639,0,262903
NY,2016,3,3603,14115,0,0
NY,2016,4,3604,82511,0,0
NY,2016,5,3605,131826,1032525,46437
NY,2016,6,3606,711201,87104,0
NY,2016,7,3607,1244737,391070,322326
NY,2016,8,3608,3296829,1190592,383977
OH,1991,1,3901,5940675,619860,4269769
OH,1991,2,3902,4639084,561124,3719097
OH,1991,3,3903,2521802,512684,3234970
OH,1991,4,3904,3257562,260131,1358356
OH,1991,5,3905,1572789,12931,874150
OH,1991,6,3906,2758170,238322,1584285
OH,2007,1,3901,-576872,7656554,2184498
OH,2007,2,3902,3230852,725259,6950559
OH,2007,3,3903,3137928,66938,0
OH,2007,4,3904,4789518,59672,4005603
OH,2007,5,3905,2928959,865988,0
OH,2007,6,3906,2122347,0,1882144
OH,2008,1,3901,3711526,3164112,3855998
OH,2008,2,3902,3272771,1617686,9304505
OH,2008,3,3903,5199523,70301,408539
OH,2008,4,3904,215609,3500460,1783537
OH,2008,5,3905,2372790,372444,0
OH,2008,6,3906,3168036,0,5309311
OH,2009,1,3901,4324002,2531440,3512869
OH,2009,2,3902,2510827,2277634,9526144
OH,2009,3,3903,4305161,91290,211999
OH,2009,4,3904,554797,2658717,1720040
OH,2009,5,3905,1633182,217094,0
OH,2009,6,3906,3110524,0,4579879
OH,2010,1,3901,3312686,3492645,2823516
OH,2010,2,3902,3291551,1702578,8059718
OH,2010,3,3903,4036421,74509,974861
OH,2010,4,3904,1335259,2272007,2824119
OH,2010,5,3905,1477210,161855,19700
OH,2010,6,3906,2651271,0,2916517
OH,2011,1,3901,3916488,2826127,2782036
OH,2011,2,3902,3360521,1568646,6577364
OH,2011,3,3903,3839052,61307,1128915
OH,2011,4,3904,1479575,2013531,2224098
OH,2011,5,3905,1455398,138525,17208
OH,2011,6,3906,2578361,103046,2799594
OH,2012,1,3901,4952809,1605183,2566159
OH,2012,2,3902,3544470,1476610,5132903
OH,2012,3,3903,3840407,65305,2269771
OH,2012,4,3904,600082,2127973,1567339
OH,2012,5,3905,1074784,358133,16784
OH,2012,6,3906,2434703,107635,2438817
OH,2013,1,3901,4562713,2114667,1624902
OH,2013,2,3902,3070437,1679271,4082900
OH,2013,3,3903,3371990,161578,2924427
OH,2013,4,3904,2086867,467556,1637538
OH,2013,5,3905,969971,338917,875608
OH,2013,6,3906,2300569,91244,1497366
OH,2014,1,3901,3916282,2494865,2290028
OH,2014,2,3902,2583844,2036057,5704146
OH,2014,3,3903,3664842,128360,2951841
OH,2014,4,3904,1898715,592827,1310585
OH,2014,5,3905,955061,370661,2016659
OH,2014,6,3906,2124845,172942,1900591
OH,2015,1,3901,4956585,1496081,2659933
OH,2015,2,3902,1597660,3080278,5845323
OH,2015,3,3903,3795726,131343,2829733
OH,2015,4,3904,1916539,608525,1409870
OH,2015,5,3905,979793,377788,2088428
OH,2015,6,3906,2188657,172194,1921825
OH,2016,1,3901,4080794,2261212,3642041
OH,2016,2,3902,996752,3524244,4851334
OH,2016,3,3903,3651446,402497,3274413
OH,2016,4,3904,2092264,193859,71229
OH,2016,5,3905,992629,413662,2068849
OH,2016,6,3906,2283670,88159,1773302
OK,1976,1,4001,2307105,294609,898106
OK,1976,2,4002,1047830,80328,555137
OK,1986,1,4001,1708708,379992,1750752
OK,1986,2,4002,1727493,44608,158273
OK,1989,3,4003,896898,0,0
OK,1989,4,4004,1899303,0,0
OK,1989,5,4005,162084,0,0
OK,1989,7,4007,55499,0,0
OK,1993,1,4001,3547615,388193,1048648
OK,1993,2,4002,-250385,54116,1367253
OK,2008,1,4001,2110345,559482,2426990
OK,2008,2,4002,1524981,519614,672340
OK,2010,1,4001,4584295,0,1564515
OK,2010,2,4002,-1396603,467895,2324014
OK,2011,1,4001,6090954,235980,4559994
OK,2011,2,4002,851036,398850,1210057
OK,2012,1,4001,4826890,239087,3817332
OK,2012,2,4002,1964286,451307,1206727
OK,2013,1,4001,4287715,299204,3193949
OK,2013,2,4002,2194500,355170,1201833
OK,2014,1,4001,4043323,362234,2865497
OK,2014,2,4002,2133934,275412,959647
OK,2015,1,4001,3245259,852687,2562908
OK,2015,2,4002,2788473,270747,529738
PA,1989,0,4200,1560273,1552030,2786206
PA,1989,5,4205,3257695,706063,3045005
PA,1989,6,4206,4112848,2280960,6404994
PA,1989,7,4207,161897,884480,1430471
PA,1989,8,4208,2256306,1916486,3848110
PA,1989,9,4209,727876,769420,3660459
PA,2006,0,4200,3066526,861567,1681888
PA,2006,5,4205,5389534,0,4744034
PA,2006,6,4206,9463909,2391793,6425563
PA,2006,7,4207,3684051,66975,0
PA,2006,8,4208,7703295,1308268,4360792
PA,2006,9,4209,2880078,219228,0
PA,2007,0,4200,4608182,715340,3500717
PA,2007,5,4205,8194513,0,2491420
PA,2007,6,4206,9990314,2873043,7683946
PA,2007,7,4207,3668288,108148,2041880
PA,2007,8,4208,5926264,1655404,4444375
PA,2007,9,4209,2825670,199258,1251838
PA,2008,0,4200,4279044,926156,2677027
PA,2008,5,4205,6999711,35696,3909681
PA,2008,6,4206,12101517,2654703,5272994
PA,2008,7,4207,3495773,71880,1673960
PA,2008,8,4208,5890769,1481549,4256245
PA,2008,9,4209,2348461,182889,1013902
PA,2009,0,4200,2948343,1786163,2549273
PA,2009,5,4205,6199563,195337,3748655
PA,2009,6,4206,12147560,2545397,5449333
PA,2009,7,4207,3794124,52885,1116112
PA,2009,8,4208,5984011,1701385,3730944
PA,2009,9,4209,2079267,132459,480109
PA,2010,0,4200,2953806,1634317,2686052
PA,2010,5,4205,6137735,219298,3860165
PA,2010,6,4206,11887888,2879217,3732797
PA,2010,7,4207,3021451,333507,1338456
PA,2010,8,4208,5042871,1910127,5958549
PA,2010,9,4209,2051585,340512,456689
PA,2011,0,4200,2903134,1479877,2976068
PA,2011,5,4205,5574543,263847,3024008
PA,2011,6,4206,12062649,2609014,6448355
PA,2011,7,4207,2922452,410352,1362255
PA,2011,8,4208,2834228,3974806,4323651
PA,2011,9,4209,1336199,556683,690236
PA,2012,0,4200,970567,3130425,2758125
PA,2012,5,4205,3985263,269855,3098207
PA,2012,6,4206,11097711,3618747,4938965
PA,2012,7,4207,2788003,367719,585324
PA,2012,8,4208,3023148,3754493,3691990
PA,2012,9,4209,1556278,533484,279338
PA,2013,0,4200,1670672,2637244,2773107
PA,2013,5,4205,3968232,237441,1366716
PA,2013,6,4206,8948146,4127015,6852406
PA,2013,7,4207,2864234,387893,276798
PA,2013,8,4208,3120906,4413188,3975809
PA,2013,9,4209,1725372,524266,227125
PA,2014,0,4200,1789724,2458106,3756196
PA,2014,5,4205,3528550,579526,503934
PA,2014,6,4206,9926176,3861557,5785835
PA,2014,7,4207,2434621,393021,289100
PA,2014,8,4208,3056054,4117932,4909790
PA,2014,9,4209,1679424,530506,230193
PA,2015,0,4200,2441433,1908136,3788264
PA,2015,5,4205,3507782,563499,2623790
PA,2015,6,4206,8016038,4785651,9344107
PA,2015,7,4207,2172321,220156,299069
PA,2015,8,4208,2996230,4336775,4240888
PA,2015,9,4209,1894162,550989,241980
PA,2016,0,4200,2209477,2170955,3498309
PA,2016,5,4205,3593320,562935,2847682
PA,2016,6,4206,7508933,5526154,8829822
PA,2016,7,4207,2171302,210013,0
PA,2016,8,4208,2521530,4807728,2191245
PA,2016,9,4209,2193815,339427,698002
RI,1985,1,4401,605859,138222,396116
RI,1998,1,4401,103455,176731,595693
RI,2006,1,4401,1234194,0,9747
RI,2007,1,4401,1357860,0,141397
RI,2008,1,4401,601704,211250,0
RI,2009,1,4401,440025,224727,36811
RI,2010,1,4401,704729,189760,31705
RI,2011,1,4401,1087056,222436,25940
RI,2012,1,4401,969704,274364,22490
RI,2013,1,4401,1068638,238150,27176
RI,2014,1,4401,1094319,212142,19852
RI,2015,1,4401,999652,287056,20546
RI,2016,1,4401,943303,272833,19447
SC,1968,1,4501,1446673,574200,1718628
SC,1968,2,4502,4745278,480615,2199968
SC,1968,3,4503,10875965,46904,7687002
SC,1978,1,4501,3525231,277798,1410090
SC,1978,2,4502,6186060,72750,3335320
SC,1978,3,4503,15769598,310000,7334785
SC,1986,1,4501,2720343,259700,2738363
SC,1986,2,4502,4701935,254445,2541114
SC,1986,3,4503,12453121,791200,5475300
SC,1993,1,4501,1635351,1039695,1920492
SC,1993,2,4502,179001,4961362,5522592
SC,1993,3,4503,15723410,3050135,11860530
SC,2001,1,4501,3061671,560213,2137761
SC,2001,2,4502,2920391,1632528,4605328
SC,2001,3,4503,22579439,1136428,9656460
SC,2005,1,4501,4193351,0,430691
SC,2005,2,4502,7632832,30145,2896262
SC,2005,3,4503,24538333,185001,4652284
SC,2006,1,4501,3461530,0,332625
SC,2006,2,4502,6568192,23317,2739513
SC,2006,3,4503,22543092,601014,5170185
SC,2007,1,4501,2019708,205583,297690
SC,2007,2,4502,7361692,1175916,6191589
SC,2007,3,4503,21690813,768029,6858011
SC,2008,1,4501,2701672,214022,37862
SC,2008,2,4502,6744834,1095914,7663443
SC,2008,3,4503,21093300,1951903,8834529
SC,2009,1,4501,2507710,206239,35635
SC,2009,2,4502,6313839,1175107,8257821
SC,2009,3,4503,19557402,2961620,11062400
SC,2010,1,4501,2418918,200005,0
SC,2010,2,4502,4987516,1101911,6479706
SC,2010,3,4503,21485975,2918420,10574802
SC,2011,1,4501,2482027,197028,0
SC,2011,2,4502,4594566,1064838,6043504
SC,2011,3,4503,21673038,2378315,9273643
SC,2012,1,4501,2892667,19509,0
SC,2012,2,4502,4444953,332923,3024253
SC,2012,3,4503,19561163,3607668,12214892
SC,2013,1,4501,2367980,0,0
SC,2013,2,4502,4637932,330197,1775539
SC,2013,3,4503,20247261,3161796,10582441
SC,2014,1,4501,2281909,0,213455
SC,2014,2,4502,4995370,0,899448
SC,2014,3,4503,20250368,2662457,10150615
SC,2015,1,4501,2294751,0,351503
SC,2015,2,4502,4844737,237696,1265364
SC,2015,3,4503,18554185,3530837,11037300
SC,2016,1,4501,2349107,0,355348
SC,2016,2,4502,5469403,253374,1190947
SC,2016,3,4503,18672944,3668380,11588050
SD,1980,1,4601,6242,0,0
SD,1980,2,4602,0,0,0
SD,1995,1,4601,380779,112940,36668
SD,1995,2,4602,237824,24341,0
SD,2006,1,4601,0,0,0
SD,2006,2,4602,152947,53738,0
SD,2007,1,4601,3200225,402836,0
SD,2007,2,4602,189859,172820,0
SD,2008,1,4601,958201,218564,0
SD,2008,2,4602,103507,150073,0
SD,2009,1,4601,386698,1037506,0
SD,2009,2,4602,137584,92455,0
SD,2010,1,4601,113283,872425,0
SD,2010,2,4602,155008,79055,0
SD,2011,1,4601,80281,910917,0
SD,2011,2,4602,152368,68112,0
SD,2012,1,4601,-636700,837689,0
SD,2012,2,4602,209227,0,0
SD,2013,1,4601,-635550,850290,0
SD,2013,2,4602,196772,0,0
SD,2014,1,4601,70954,277017,0
SD,2014,2,4602,197039,0,0
SD,2015,1,4601,69097,275064,0
SD,2015,2,4602,174174,0,0
SD,2016,1,4601,69097,275064,0
SD,2016,2,4602,174500,0,14136
TN,1980,1,4701,8030714,475018,6164130
TN,1980,2,4702,19586162,895157,11703640
TN,1980,3,4703,7378723,107115,5099618
TN,1980,4,4704,13307906,784498,5782787
TN,1980,5,4705,5924008,237531,1819634
TN,1989,1,4701,10105419,775124,4670955
TN,1989,2,4702,23836144,2251248,12662183
TN,1989,3,4703,9142336,1187092,5517483
TN,1989,4,4704,17775211,1396281,6316733
TN,1989,5,4705,10546031,605614,1534275
TN,1999,1,4701,9399431,1690455,7870409
TN,1999,2,4702,33289470,2052296,25563645
TN,1999,3,4703,10337159,937069,4722089
TN,1999,4,4704,22185023,1906267,9205594
TN,1999,5,4705,11175111,730068,4153259
TN,2002,1,4701,8878332,5035191,14702845
TN,2002,2,4702,19547166,9104675,7957857
TN,2002,3,4703,14643237,3511692,5960392
TN,2002,4,4704,26002353,5063842,11938081
TN,2002,5,4705,13535075,4032476,25984726
TN,2003,1,4701,9506782,4011265,12495290
TN,2003,2,4702,22227049,7368062,8131360
TN,2003,3,4703,13724231,2595319,8476652
TN,2003,4,4704,25472947,4100464,11666003
TN,2003,5,4705,12981080,3136975,20258651
TN,2004,1,4701,9100233,3490490,11697132
TN,2004,2,4702,23620781,6291705,10380900
TN,2004,3,4703,13424693,2586715,7952718
TN,2004,4,4704,24275481,3430846,10586671
TN,2004,5,4705,11699184,3057456,16022971
TN,2005,1,4701,11684568,1628079,8858996
TN,2005,2,4702,27384181,4916342,7919279
TN,2005,3,4703,14695448,1069936,5816636
TN,2005,4,4704,22965818,3157873,11842234
TN,2005,5,4705,14498591,1081502,6974869
TN,2006,1,4701,10848525,1488673,8537860
TN,2006,2,4702,29223888,2703428,11867145
TN,2006,3,4703,11579964,1495438,6254588
TN,2006,4,4704,22283682,1488793,13943572
TN,2006,5,4705,14905106,1129131,6122453
TN,2007,1,4701,10274851,1024315,8399730
TN,2007,2,4702,28737982,2740027,11873523
TN,2007,3,4703,10911562,1563302,6564778
TN,2007,4,4704,20965737,1612721,10411450
TN,2007,5,4705,15005305,1314697,4755979
TN,2008,1,4701,10016030,851619,9434758
TN,2008,2,4702,27706710,2343516,15820141
TN,2008,3,4703,10639787,1620821,5396916
TN,2008,4,4704,19186006,1641178,11258088
TN,2008,5,4705,15097663,1481549,4688059
TN,2009,1,4701,9738349,396662,8218347
TN,2009,2,4702,27156046,2335926,18344323
TN,2009,3,4703,10206192,1423404,5420933
TN,2009,4,4704,19048101,1912671,12712896
TN,2009,5,4705,15158365,1579673,5274834
TN,2010,1,4701,8490433,483258,6717456
TN,2010,2,4702,24645265,2934230,22556546
TN,2010,3,4703,7872523,2484184,5362063
TN,2010,4,4704,19183979,1923870,12325553
TN,2010,5,4705,13534160,1594557,4143763
TN,2011,1,4701,7966415,909162,6021442
TN,2011,2,4702,21343797,3163038,28865890
TN,2011,3,4703,8137095,2878356,5358165
TN,2011,4,4704,20365352,2195159,13667173
TN,2011,5,4705,12852684,1763355,2738735
TN,2012,1,4701,8051702,523479,4710423
TN,2012,2,4702,20159325,3041960,38131658
TN,2012,3,4703,8768892,2583361,6191782
TN,2012,4,4704,18469157,3049720,12737198
TN,2012,5,4705,11193525,2826608,2556110
TN,2013,1,4701,7158305,897060,5132988
TN,2013,2,4702,21351418,3639558,35547818
TN,2013,3,4703,8546154,2848147,5701558
TN,2013,4,4704,19420342,3303906,10145727
TN,2013,5,4705,11239411,2873549,5754392
TN,2014,1,4701,7178224,1231993,5011199
TN,2014,2,4702,21807323,4302114,35980412
TN,2014,3,4703,8930390,2901909,5558438
TN,2014,4,4704,20102774,3247565,9979988
TN,2014,5,4705,11748092,2459622,5776475
TX,1975,1,4801,7987831,545842,4080264
TX,1975,2,4802,4561865,89989,2326442
TX,1986,1,4801,6546216,767180,6936960
TX,1986,2,4802,6043914,605269,2864339
TX,1992,1,4801,6753411,903589,7373016
TX,1992,2,4802,6027732,471442,4529480
TX,2003,1,4801,5887974,1337113,4059042
TX,2003,2,4802,5898716,802958,5126776
TX,2006,1,4801,2052212,383693,6414566
TX,2006,2,4802,-184006,4770302,5472314
TX,2007,1,4801,2206749,1352892,5023851
TX,2007,2,4802,1169018,3616260,4891706
TX,2008,1,4801,2830903,1084755,5048845
TX,2008,2,4802,2387963,2911795,4355411
TX,2009,1,4801,908351,3009540,4071995
TX,2009,2,4802,1808203,3714938,4254703
TX,2010,1,4801,-116321,4724713,3159192
TX,2010,2,4802,2492445,4347360,1589068
TX,2011,1,4801,-2028060,7593672,2184641
TX,2011,2,4802,3743951,2817474,1241129
TX,2012,1,4801,-2836968,7730455,2498462
TX,2012,2,4802,3891583,2767021,2012393
TX,2013,1,4801,-3453327,8349403,1887241
TX,2013,2,4802,2120587,3664374,3503429
TX,2014,1,4801,-1632544,6442084,1974124
TX,2014,2,4802,2032157,3281065,3867169
TX,2014,3,4803,719126,397887,430053
TX,2014,4,4804,141729,0,485865
TX,2014,5,4805,0,0,0
TX,2015,1,4801,-645226,5593549,1931414
TX,2015,2,4802,2450162,3285441,4422509
TX,2016,1,4801,2145151,2517103,2057619
TX,2016,2,4802,3664862,1954632,4420953
VA,1977,1,5101,25445973,1253898,20819778
VA,1977,2,5102,22732638,704350,14696015
VA,1977,3,5103,20517610,1202276,15277736
VA,1977,4,5104,8051136,1111913,4756100
VA,1977,5,5105,4942443,828629,1496768
VA,1985,1,5101,20917280,1273040,19258134
VA,1985,2,5102,21092416,997900,16043154
VA,1985,3,5103,16781936,1683468,11837503
VA,1985,4,5104,9316692,521600,2443400
VA,1985,5,5105,6003434,1039585,2528473
VA,1992,1,5101,19718158,1690349,24307085
VA,1992,2,5102,21888074,1593001,16739000
VA,1992,3,5103,13515884,2933920,11528203
VA,1992,4,5104,6377106,1601864,4736042
VA,1992,5,5105,6307101,985769,2468701
VA,2001,1,5101,21248335,1538946,21403047
VA,2001,2,5102,21153214,2384604,18172808
VA,2001,3,5103,15975420,3483941,10785751
VA,2001,4,5104,7184028,979900,6780073
VA,2001,5,5105,7150015,2015614,8083642
VA,2005,1,5101,10201668,6444938,13271161
VA,2005,2,5102,22161789,3144684,16181490
VA,2005,3,5103,7322953,8388909,18681523
VA,2005,4,5104,11287959,2464341,8297404
VA,2005,5,5105,8022939,387492,6884059
VA,2006,1,5101,13373390,5917514,17876600
VA,2006,2,5102,20949454,3244120,16074348
VA,2006,3,5103,11416642,6446079,17383821
VA,2006,4,5104,11528723,1897449,6250674
VA,2006,5,5105,9185294,315038,5832338
VA,2007,1,5101,11733965,7798210,16229134
VA,2007,2,5102,20648237,4655505,17952675
VA,2007,3,5103,12539309,5676463,16098736
VA,2007,4,5104,11601103,1506561,5486304
VA,2007,5,5105,8032234,256491,4792589
VA,2008,1,5101,12871885,6803506,15150914
VA,2008,2,5102,17614774,4695648,18047906
VA,2008,3,5103,16270954,2485319,13039423
VA,2008,4,5104,13052376,1723631,4862704
VA,2008,5,5105,7648803,158468,6508969
VA,2009,1,5101,14336934,6972614,17186011
VA,2009,2,5102,14012002,3669817,14040507
VA,2009,3,5103,18299448,1375147,6286172
VA,2009,4,5104,13326104,858583,2026653
VA,2009,5,5105,8522799,16929,2537850
VA,2010,1,5101,14637058,6670594,13006991
VA,2010,2,5102,14296776,2977467,11332113
VA,2010,3,5103,16186008,2634215,7569465
VA,2010,4,5104,14281620,867417,3366222
VA,2010,5,5105,7847079,637722,3492794
VA,2011,1,5101,16060817,4538515,11389499
VA,2011,2,5102,16009800,1349465,9564471
VA,2011,3,5103,14686342,2529592,7059539
VA,2011,4,5104,14847359,812876,5332234
VA,2011,5,5105,8029429,900799,3361744
VA,2012,1,5101,14923632,4581990,12882054
VA,2012,2,5102,19859993,1158486,8479302
VA,2012,3,5103,15613670,2393272,9009009
VA,2012,4,5104,14394931,640584,5204382
VA,2012,5,5105,8645166,1801652,1433432
VA,2013,1,5101,13934925,3836751,10887633
VA,2013,2,5102,23192981,1407755,9789767
VA,2013,3,5103,13465051,2683669,9328755
VA,2013,4,5104,12717202,876044,7465888
VA,2013,5,5105,8545085,1938040,3237420
VA,2014,1,5101,11371332,4544922,8834223
VA,2014,2,5102,27094817,1031553,8839194
VA,2014,3,5103,13689734,2732933,9620712
VA,2014,4,5104,11407674,2707430,9059497
VA,2014,5,5105,8508398,1967842,3279397
VA,2015,1,5101,8525960,5956775,8889669
VA,2015,2,5102,29530405,1110857,9756653
VA,2015,3,5103,13932308,2162096,6708741
VA,2015,4,5104,10797207,3541750,8205579
VA,2015,5,5105,10008899,1400079,2180885
VT,1997,2,5002,99023,0,0
VT,1997,3,5003,496922,0,0
VT,2006,2,5002,2904,0,0
VT,2006,3,5003,211412,137038,530762
VT,2007,2,5002,107473,0,0
VT,2007,3,5003,213326,70741,378473
VT,2008,2,5002,0,0,0
VT,2008,3,5003,233795,140139,0
VT,2009,2,5002,0,0,0
VT,2009,3,5003,275245,64384,0
VT,2010,2,5002,0,0,0
VT,2010,3,5003,279644,45348,0
VT,2011,2,5002,69438,0,0
VT,2011,3,5003,434348,33450,0
VT,2012,2,5002,59417,0,0
VT,2012,3,5003,454314,26656,0
VT,2013,2,5002,67318,0,0
VT,2013,3,5003,474221,0,0
VT,2014,2,5002,65238,0,0
VT,2014,3,5003,500454,0,0
VT,2015,2,5002,66249,0,0
VT,2015,3,5003,500632,0,0
VT,2016,2,5002,69472,0,0
VT,2016,3,5003,496572,0,0
WI,1983,1,5501,133503,38095,20253
WI,1983,2,5502,990051,227123,79223
WI,1983,3,5503,2466413,431383,339246
WI,1983,4,5504,4778457,839893,755098
WI,1983,5,5505,1961913,101581,369025
WI,1996,1,5501,359403,5178,70626
WI,1996,2,5502,2580424,260926,658206
WI,1996,3,5503,4110076,413393,1308899
WI,1996,4,5504,6018728,899741,2849144
WI,1996,5,5505,2035661,298684,973977
WI,2003,1,5501,335542,0,0
WI,2003,2,5502,2496073,107068,2986762
WI,2003,3,5503,6690456,917793,7106544
WI,2003,4,5504,14013598,515981,6847304
WI,2003,5,5505,3936741,681217,0
WI,2004,1,5501,274893,0,0
WI,2004,2,5502,2557742,84096,2758585
WI,2004,3,5503,7662325,751284,6441408
WI,2004,4,5504,14450371,622951,6573893
WI,2004,5,5505,4147372,576390,0
WI,2005,1,5501,1478565,0,0
WI,2005,2,5502,2277516,1202647,731673
WI,2005,3,5503,10014330,1684841,7499299
WI,2005,4,5504,4699554,4969132,8888131
WI,2005,5,5505,2992312,0,4109259
WI,2006,1,5501,1148538,0,17960
WI,2006,2,5502,2493235,807242,652287
WI,2006,3,5503,9768379,1504749,6492307
WI,2006,4,5504,5434091,3570587,5932729
WI,2006,5,5505,4329819,857131,2914650
WI,2007,1,5501,870693,0,12143
WI,2007,2,5502,3349158,753905,510327
WI,2007,3,5503,7762578,1383429,5257955
WI,2007,4,5504,4797466,3415612,6573821
WI,2007,5,5505,4705478,334380,2189290
WI,2008,1,5501,834465,0,19287
WI,2008,2,5502,3252463,673327,644508
WI,2008,3,5503,6557556,1683675,4968802
WI,2008,4,5504,5812990,2706812,7686570
WI,2008,5,5505,5518805,621687,1409822
WI,2009,1,5501,676621,0,14642
WI,2009,2,5502,2927715,712406,750769
WI,2009,3,5503,6550063,1529892,4704683
WI,2009,4,5504,5611940,2412735,6272279
WI,2009,5,5505,3933271,1263342,1523011
WI,2010,1,5501,534731,0,14760
WI,2010,2,5502,3154209,520346,608304
WI,2010,3,5503,6047567,1205402,4560737
WI,2010,4,5504,4923513,2597428,4716184
WI,2010,5,5505,4067754,1323699,492866
WI,2011,1,5501,551890,0,773919
WI,2011,2,5502,2875931,565460,833178
WI,2011,3,5503,5864736,985297,4063198
WI,2011,4,5504,4699888,2616711,4824677
WI,2011,5,5505,3570755,1355546,1011627
WI,2012,1,5501,550179,0,777536
WI,2012,2,5502,2875367,433765,1358017
WI,2012,3,5503,5653399,1139225,3619452
WI,2012,4,5504,4697905,2581781,3507184
WI,2012,5,5505,3392366,1436332,915974
WI,2013,1,5501,581459,0,814977
WI,2013,2,5502,3253095,380476,1251899
WI,2013,3,5503,6063206,971402,3178839
WI,2013,4,5504,4761632,2637132,3257881
WI,2013,5,5505,3690987,1185079,913812
WI,2014,1,5501,376427,215806,841814
WI,2014,2,5502,3347240,323016,1193007
WI,2014,3,5503,6360116,1032086,3127461
WI,2014,4,5504,4621951,2772331,3635437
WI,2014,5,5505,3651430,1145980,845057
WI,2015,1,5501,392989,218219,900720
WI,2015,2,5502,3407473,256232,1320216
WI,2015,3,5503,6424053,997503,2218505
WI,2015,4,5504,4563887,2899040,3059298
WI,2015,5,5505,3952779,722286,857197
WI,2016,1,5501,408781,226350,904082
WI,2016,2,5502,3330707,246441,1477846
WI,2016,3,5503,5983022,1439628,2439083
WI,2016,4,5504,5589802,1773775,3063287
WI,2016,5,5505,3824248,748415,1365281
WV,1989,2,5402,9547757,885101,4010726
WV,1989,3,5403,11537959,1507889,5898388
WV,1989,4,5404,17972546,2171617,3316844
WV,2000,2,5402,10215828,1940199,10139192
WV,2000,3,5403,11804248,608824,6513369
WV,2000,4,5404,20361537,2047070,14561019
WV,2006,2,5402,9069518,2402151,11167201
WV,2006,3,5403,16868601,1185635,5878375
WV,2006,4,5404,13116806,7932001,12139444
WV,2008,2,5402,12591843,2652468,8933627
WV,2008,3,5403,15292037,3303081,5013949
WV,2008,4,5404,11531876,8371890,8776611
WV,2009,2,5402,15881136,561914,2607927
WV,2009,3,5403,16233241,3368367,20751897
WV,2009,4,5404,7578636,12864592,3046477
WV,2010,2,5402,18223876,429622,2861671
WV,2010,3,5403,13476514,3704061,13472693
WV,2010,4,5404,11268869,8085684,4448378
WV,2011,2,5402,22018085,1125235,7263975
WV,2011,3,5403,14638972,2844476,12307773
WV,2011,4,5404,10854548,7562172,10306068
WV,2012,2,5402,19888632,1306916,5793595
WV,2012,3,5403,13241025,3363805,10330405
WV,2012,4,5404,11306432,8917750,11149940
WV,2013,2,5402,18693666,1290361,4459031
WV,2013,3,5403,11879521,3927301,10838237
WV,2013,4,5404,11815684,7785062,9464773
WV,2014,2,5402,17168047,1332454,4217887
WV,2014,3,5403,10855941,3581172,11616939
WV,2014,4,5404,11482220,7518568,9602705
WV,2015,2,5402,17372832,1439533,3613234
WV,2015,3,5403,10471849,3359442,5743385
WV,2015,4,5404,10414870,8957944,9739921
WV,2016,2,5402,15011878,1301019,2900481
WV,2016,3,5403,9406375,4053004,7911602
WV,2016,4,5404,9180730,9994730,9548364
