ReleaseDate,AreaOfInterest,None,D0,D1,D2,D3,D4,ValidStart,ValidEnd,StatisticFormatID
20180220,CONUS,40.71,59.29,36.48,17.76,3.22,0,2/20/2018,2/26/2018,1
20180213,CONUS,39.5,60.5,36.34,18.04,2.96,0,2/13/2018,2/19/2018,1
20180206,CONUS,33.05,66.95,39.64,18.44,2.6,0,2/6/2018,2/12/2018,1
20180130,CONUS,32.9,67.1,38.42,17.21,1.72,0,1/30/2018,2/5/2018,1
20180123,CONUS,37.55,62.45,35.39,13.6,0.9,0,1/23/2018,1/29/2018,1
20180116,CONUS,39.07,60.93,33.04,10.03,0.64,0,1/16/2018,1/22/2018,1
20180109,CONUS,42.2,57.8,32.07,8.7,0.46,0,1/9/2018,1/15/2018,1
20180102,CONUS,44.46,55.54,27.7,7.46,0.83,0,1/2/2018,1/8/2018,1
20171226,CONUS,45.31,54.69,26.37,4.95,0.83,0,12/26/2017,1/1/2018,1
20171219,CONUS,43.26,56.74,26.17,6.97,1.28,0,12/19/2017,12/25/2017,1
20171212,CONUS,45.09,54.91,23.85,6.49,1.78,0,12/12/2017,12/18/2017,1
20171205,CONUS,52.38,47.62,24.3,5.99,1.23,0,12/5/2017,12/11/2017,1
20171128,CONUS,57.34,42.66,21.14,4.88,1.03,0,11/28/2017,12/4/2017,1
20171121,CONUS,63.18,36.82,15.4,4.14,0.75,0,11/21/2017,11/27/2017,1
20171114,CONUS,64.97,35.03,13.06,3.52,0.75,0,11/14/2017,11/20/2017,1
20171107,CONUS,67.19,32.81,11.96,2.9,0.75,0,11/7/2017,11/13/2017,1
20171031,CONUS,66.47,33.53,11.95,2.67,0.88,0,10/31/2017,11/6/2017,1
20171024,CONUS,63.64,36.36,11.96,2.58,0.88,0,10/24/2017,10/30/2017,1
20171017,CONUS,62.25,37.75,12.48,2.98,0.82,0,10/17/2017,10/23/2017,1
20171010,CONUS,61.93,38.07,14.12,4.03,1.06,0.27,10/10/2017,10/16/2017,1
20171003,CONUS,61.15,38.85,14.36,4.73,1.39,0.5,10/3/2017,10/9/2017,1
20170926,CONUS,63.07,36.93,13.81,4.99,2.36,0.87,9/26/2017,10/2/2017,1
20170919,CONUS,63.14,36.86,15.51,5.6,2.38,0.87,9/19/2017,9/25/2017,1
20170912,CONUS,66.26,33.74,16.08,6.24,3.13,1.28,9/12/2017,9/18/2017,1
20170905,CONUS,69.91,30.09,13.54,5.93,2.82,1.28,9/5/2017,9/11/2017,1
20170829,CONUS,71.43,28.57,11.82,5.74,2.65,1.21,8/29/2017,9/4/2017,1
20170822,CONUS,72.57,27.43,12.08,5.49,2.43,0.59,8/22/2017,8/28/2017,1
20170815,CONUS,71.95,28.05,11.31,5.33,2.45,0.7,8/15/2017,8/21/2017,1
20170808,CONUS,70.23,29.77,11.24,5.38,2.37,0.76,8/8/2017,8/14/2017,1
20170801,CONUS,69.48,30.52,11.77,5.23,2.6,0.76,8/1/2017,8/7/2017,1
20170725,CONUS,67.31,32.69,10.98,5.18,2.62,0.76,7/25/2017,7/31/2017,1
20170718,CONUS,70.67,29.33,10.58,4.77,2.31,0.22,7/18/2017,7/24/2017,1
20170711,CONUS,76.9,23.1,9.6,4.31,2.19,0,7/11/2017,7/17/2017,1
20170704,CONUS,77.65,22.35,8.45,3.83,1.43,0,7/4/2017,7/10/2017,1
20170627,CONUS,78.4,21.6,8.04,3.26,0.97,0,6/27/2017,7/3/2017,1
20170620,CONUS,80.5,19.5,6.99,2.13,0.55,0,6/20/2017,6/26/2017,1
20170613,CONUS,79.99,20.01,7.27,1.57,0,0,6/13/2017,6/19/2017,1
20170606,CONUS,83.04,16.96,7.8,1.25,0,0,6/6/2017,6/12/2017,1
20170530,CONUS,81.69,18.31,5.28,1.12,0.28,0,5/30/2017,6/5/2017,1
20170523,CONUS,85.73,14.27,4.52,1.22,0.41,0,5/23/2017,5/29/2017,1
20170516,CONUS,83.42,16.58,5.61,1.38,0.43,0,5/16/2017,5/22/2017,1
20170509,CONUS,84.89,15.11,5.23,1.3,0.28,0,5/9/2017,5/15/2017,1
20170502,CONUS,85.69,14.31,4.98,1.3,0.13,0,5/2/2017,5/8/2017,1
20170425,CONUS,78.33,21.67,6.11,1.07,0.03,0,4/25/2017,5/1/2017,1
20170418,CONUS,73.04,26.96,8.2,1.44,0.09,0,4/18/2017,4/24/2017,1
20170411,CONUS,73.01,26.99,8.17,1.44,0.09,0,4/11/2017,4/17/2017,1
20170404,CONUS,70.27,29.73,9.83,1.5,0.1,0,4/4/2017,4/10/2017,1
20170328,CONUS,64.41,35.59,14.2,2.82,0.21,0,3/28/2017,4/3/2017,1
20170321,CONUS,63.78,36.22,15.97,3.74,0.43,0,3/21/2017,3/27/2017,1
20170314,CONUS,68.14,31.86,15.21,3.95,0.49,0,3/14/2017,3/20/2017,1
20170307,CONUS,67.22,32.78,14.94,4,0.53,0,3/7/2017,3/13/2017,1
20170228,CONUS,66.28,33.72,14.08,3.68,0.49,0,2/28/2017,3/6/2017,1
20170221,CONUS,68.47,31.53,13.78,3.31,0.34,0,2/21/2017,2/27/2017,1
20170214,CONUS,68.26,31.74,13.54,3.17,0.35,0,2/14/2017,2/20/2017,1
20170207,CONUS,68.99,31.01,14.27,3.4,0.34,0,2/7/2017,2/13/2017,1
20170131,CONUS,68.02,31.98,14.55,3.83,0.41,0,1/31/2017,2/6/2017,1
20170124,CONUS,67.19,32.81,16.12,4.45,0.44,0,1/24/2017,1/30/2017,1
20170117,CONUS,60.5,39.5,19.26,6.77,2.39,0.11,1/17/2017,1/23/2017,1
20170110,CONUS,58.34,41.66,20.83,7.96,2.61,0.11,1/10/2017,1/16/2017,1
20170103,CONUS,53.89,46.11,22.53,8.63,3.15,0.96,1/3/2017,1/9/2017,1
20161227,CONUS,49.19,50.81,24.04,10.09,4.53,1.81,12/27/2016,1/2/2017,1
20161220,CONUS,45.19,54.81,28.16,10.6,4.58,1.89,12/20/2016,12/26/2016,1
20161213,CONUS,45.78,54.22,29.82,12.89,5.02,1.99,12/13/2016,12/19/2016,1
20161206,CONUS,45.17,54.83,30.39,13.97,5.3,1.99,12/6/2016,12/12/2016,1
20161129,CONUS,43.69,56.31,31.46,16.6,8.66,2.68,11/29/2016,12/5/2016,1
20161122,CONUS,45,55,31.14,17.07,8.26,2.73,11/22/2016,11/28/2016,1
20161115,CONUS,48.01,51.99,30.13,14.44,6.4,2.36,11/15/2016,11/21/2016,1
20161108,CONUS,51.09,48.91,27.36,11.38,4.96,1.91,11/8/2016,11/14/2016,1
20161101,CONUS,52.28,47.72,26.8,10.95,4.86,1.71,11/1/2016,11/7/2016,1
20161025,CONUS,55.68,44.32,23.92,10.25,4.08,1.54,10/25/2016,10/31/2016,1
20161018,CONUS,55.61,44.39,22.1,9.66,3.87,1.31,10/18/2016,10/24/2016,1
20161011,CONUS,55.39,44.61,20.13,8.68,3.45,1.26,10/11/2016,10/17/2016,1
20161004,CONUS,56.19,43.81,19.44,8.37,3.14,1.17,10/4/2016,10/10/2016,1
20160927,CONUS,53.6,46.4,18.96,8.1,3.2,1.16,9/27/2016,10/3/2016,1
20160920,CONUS,54.97,45.03,18.82,7.76,2.94,1.11,9/20/2016,9/26/2016,1
20160913,CONUS,55.8,44.2,18.34,7.72,2.86,1.11,9/13/2016,9/19/2016,1
20160906,CONUS,55.82,44.18,19.1,7.35,2.73,1.11,9/6/2016,9/12/2016,1
20160830,CONUS,54.92,45.08,19.51,7.26,2.7,1.11,8/30/2016,9/5/2016,1
20160823,CONUS,54.63,45.37,19.42,7.41,2.7,1.11,8/23/2016,8/29/2016,1
20160816,CONUS,52.72,47.28,19.86,7.71,2.91,1.11,8/16/2016,8/22/2016,1
20160809,CONUS,48.33,51.67,21.79,8.2,2.82,1.11,8/9/2016,8/15/2016,1
20160802,CONUS,49.85,50.15,21.12,7.28,2.89,1.11,8/2/2016,8/8/2016,1
20160726,CONUS,49.07,50.93,20.75,7.13,2.92,1.11,7/26/2016,8/1/2016,1
20160719,CONUS,52.34,47.66,18.79,6.78,2.85,1.11,7/19/2016,7/25/2016,1
20160712,CONUS,55.6,44.4,17.68,6.19,2.57,1.11,7/12/2016,7/18/2016,1
20160705,CONUS,55.76,44.24,17.77,6.03,2.51,1.11,7/5/2016,7/11/2016,1
20160628,CONUS,56.61,43.39,16.18,5.43,2.36,1.11,6/28/2016,7/4/2016,1
20160621,CONUS,58.77,41.23,14.8,5.05,2.26,1.11,6/21/2016,6/27/2016,1
20160614,CONUS,60.89,39.11,13.77,4.76,2.26,1.11,6/14/2016,6/20/2016,1
20160607,CONUS,65.17,34.83,13.24,4.48,2.45,1.11,6/7/2016,6/13/2016,1
20160531,CONUS,68.18,31.82,12.73,4.18,2.46,1.11,5/31/2016,6/6/2016,1
20160524,CONUS,68.85,31.15,13.61,4.33,2.46,1.11,5/24/2016,5/30/2016,1
20160517,CONUS,71.03,28.97,13.87,4.79,2.46,1.11,5/17/2016,5/23/2016,1
20160510,CONUS,69.58,30.42,14.59,5.29,3.37,1.11,5/10/2016,5/16/2016,1
20160503,CONUS,66.11,33.89,14.56,5.46,3.44,1.11,5/3/2016,5/9/2016,1
20160426,CONUS,60.36,39.64,15.38,5.89,3.44,1.11,4/26/2016,5/2/2016,1
20160419,CONUS,60.72,39.28,15.44,5.94,3.44,1.11,4/19/2016,4/25/2016,1
20160412,CONUS,60.8,39.2,17.75,6.1,3.76,1.71,4/12/2016,4/18/2016,1
20160405,CONUS,62.14,37.86,16.71,5.95,3.76,1.71,4/5/2016,4/11/2016,1
20160329,CONUS,61.1,38.9,15.09,5.85,3.76,1.87,3/29/2016,4/4/2016,1
20160322,CONUS,65.25,34.75,14.29,6.07,3.76,1.87,3/22/2016,3/28/2016,1
20160315,CONUS,66.5,33.5,12.41,6.46,3.76,1.87,3/15/2016,3/21/2016,1
20160308,CONUS,64.59,35.41,12.42,7.41,4.05,2.19,3/8/2016,3/14/2016,1
20160301,CONUS,68.02,31.98,14.3,7.77,4.05,2.19,3/1/2016,3/7/2016,1
20160223,CONUS,70.1,29.9,14.62,7.77,4.05,2.19,2/23/2016,2/29/2016,1
20160216,CONUS,67.75,32.25,15.05,7.73,4.08,2.19,2/16/2016,2/22/2016,1
20160209,CONUS,70.82,29.18,14.96,7.85,4.25,2.19,2/9/2016,2/15/2016,1
20160202,CONUS,71.08,28.92,15.48,8.44,4.61,2.25,2/2/2016,2/8/2016,1
20160126,CONUS,71.99,28.01,15.48,8.51,4.61,2.29,1/26/2016,2/1/2016,1
20160119,CONUS,71.24,28.76,16.37,8.51,4.84,2.42,1/19/2016,1/25/2016,1
20160112,CONUS,70.46,29.54,17.28,9.98,5.16,2.59,1/12/2016,1/18/2016,1
20160105,CONUS,68.57,31.43,18.39,10.03,5.16,2.7,1/5/2016,1/11/2016,1
20151229,CONUS,66.99,33.01,18.74,11.56,6.28,2.7,12/29/2015,1/4/2016,1
20151222,CONUS,66.22,33.78,19.32,12.65,6.59,2.7,12/22/2015,12/28/2015,1
20151215,CONUS,65.42,34.58,19.61,13.12,6.59,2.7,12/15/2015,12/21/2015,1
20151208,CONUS,64.85,35.15,20.16,14.35,7.97,2.7,12/8/2015,12/14/2015,1
20151201,CONUS,63.26,36.74,20.58,14.68,8.34,2.7,12/1/2015,12/7/2015,1
20151124,CONUS,61.55,38.45,21.9,14.83,8.42,2.7,11/24/2015,11/30/2015,1
20151117,CONUS,56.39,43.61,22.78,14.88,8.46,2.7,11/17/2015,11/23/2015,1
20151110,CONUS,54.9,45.1,25.18,15.24,8.46,2.7,11/10/2015,11/16/2015,1
20151103,CONUS,51.84,48.16,26.17,15.46,8.84,2.72,11/3/2015,11/9/2015,1
20151027,CONUS,46.24,53.76,30.27,17.21,10.34,3,10/27/2015,11/2/2015,1
20151020,CONUS,41.04,58.96,34.78,23.23,14.42,3.76,10/20/2015,10/26/2015,1
20151013,CONUS,46.61,53.39,32.62,22.51,13.25,3.27,10/13/2015,10/19/2015,1
20151006,CONUS,48.99,51.01,31.58,21.45,12.02,3.06,10/6/2015,10/12/2015,1
20150929,CONUS,44.91,55.09,31.36,20.09,11.45,3,9/29/2015,10/5/2015,1
20150922,CONUS,45.19,54.81,31.47,19.79,11.35,3,9/22/2015,9/28/2015,1
20150915,CONUS,48.45,51.55,31.53,19.58,11.17,3,9/15/2015,9/21/2015,1
20150908,CONUS,49.63,50.37,31.67,19.62,10.92,3,9/8/2015,9/14/2015,1
20150901,CONUS,54.21,45.79,30.43,18.72,10.71,3,9/1/2015,9/7/2015,1
20150825,CONUS,55.04,44.96,29.48,18.07,10.96,3,8/25/2015,8/31/2015,1
20150818,CONUS,54.76,45.24,29.4,18.21,9.41,3,8/18/2015,8/24/2015,1
20150811,CONUS,56.13,43.87,28.92,17.87,9.18,3,8/11/2015,8/17/2015,1
20150804,CONUS,57.71,42.29,27.13,17.44,8.79,2.83,8/4/2015,8/10/2015,1
20150728,CONUS,61.11,38.89,25.71,17.17,8.79,2.83,7/28/2015,8/3/2015,1
20150721,CONUS,64.01,35.99,26.06,16.74,7.48,2.83,7/21/2015,7/27/2015,1
20150714,CONUS,64.79,35.21,25.97,17.49,7.48,2.83,7/14/2015,7/20/2015,1
20150707,CONUS,63.45,36.55,25.94,17.15,7.47,2.86,7/7/2015,7/13/2015,1
20150630,CONUS,61.47,38.53,25.88,15.54,6.76,2.86,6/30/2015,7/6/2015,1
20150623,CONUS,59.88,40.12,25.13,14.31,6.76,2.86,6/23/2015,6/29/2015,1
20150616,CONUS,60.39,39.61,24.66,13.62,6.76,2.86,6/16/2015,6/22/2015,1
20150609,CONUS,59.93,40.07,23.29,13.71,6.91,3.07,6/9/2015,6/15/2015,1
20150602,CONUS,56.75,43.25,24.57,14.19,7.09,3.13,6/2/2015,6/8/2015,1
20150526,CONUS,49.27,50.73,26.35,14.2,6.94,3.13,5/26/2015,6/1/2015,1
20150519,CONUS,47.81,52.19,31.54,15.16,6.94,3.14,5/19/2015,5/25/2015,1
20150512,CONUS,44.16,55.84,34.61,17.68,7.19,3.14,5/12/2015,5/18/2015,1
20150505,CONUS,44.24,55.76,37.79,20.36,7.86,3.39,5/5/2015,5/11/2015,1
20150428,CONUS,46.75,53.25,37.41,20.03,8.1,3.41,4/28/2015,5/4/2015,1
20150421,CONUS,46.62,53.38,37.13,18.97,8.57,3.55,4/21/2015,4/27/2015,1
20150414,CONUS,41.23,58.77,37.46,19.14,9.09,3.55,4/14/2015,4/20/2015,1
20150407,CONUS,40.21,59.79,36.92,19.17,9.14,3.62,4/7/2015,4/13/2015,1
20150331,CONUS,41.43,58.57,36.84,18.6,8.97,3.34,3/31/2015,4/6/2015,1
20150324,CONUS,44.6,55.4,34.57,16.97,8.81,3.34,3/24/2015,3/30/2015,1
20150317,CONUS,46.05,53.95,34.73,16.24,8.62,3.17,3/17/2015,3/23/2015,1
20150310,CONUS,47.36,52.64,31.6,15.73,8.39,3.17,3/10/2015,3/16/2015,1
20150303,CONUS,47.49,52.51,31.88,15.66,8.43,3.21,3/3/2015,3/9/2015,1
20150224,CONUS,45.89,54.11,32.83,16.42,8.82,3.3,2/24/2015,3/2/2015,1
20150217,CONUS,45.26,54.74,32.13,16.44,8.6,3.37,2/17/2015,2/23/2015,1
20150210,CONUS,47.51,52.49,29,16.18,8.49,3.27,2/10/2015,2/16/2015,1
20150203,CONUS,50.35,49.65,28.44,16.04,8.87,3.12,2/3/2015,2/9/2015,1
20150127,CONUS,48.29,51.71,28.59,16.83,8.95,3.14,1/27/2015,2/2/2015,1
20150120,CONUS,53.6,46.4,28.18,16.97,8.88,2.91,1/20/2015,1/26/2015,1
20150113,CONUS,55.38,44.62,27.97,16.65,8.85,2.89,1/13/2015,1/19/2015,1
20150106,CONUS,55.85,44.15,28.1,16.76,8.84,2.48,1/6/2015,1/12/2015,1
20141230,CONUS,53.2,46.8,28.68,16.93,8.96,2.54,12/30/2014,1/5/2015,1
20141223,CONUS,49.79,50.21,29.96,17.18,8.84,2.53,12/23/2014,12/29/2014,1
20141216,CONUS,50.29,49.71,30.05,17.27,8.85,2.49,12/16/2014,12/22/2014,1
20141209,CONUS,51.32,48.68,29.84,17.09,8.94,3.69,12/9/2014,12/15/2014,1
20141202,CONUS,52.23,47.77,29.13,16.9,8.81,3.68,12/2/2014,12/8/2014,1
20141125,CONUS,52.73,47.27,28.91,16.81,8.72,3.68,11/25/2014,12/1/2014,1
20141118,CONUS,52.78,47.22,29.45,17.13,8.82,3.79,11/18/2014,11/24/2014,1
20141111,CONUS,53.21,46.79,29.59,17.27,8.82,3.79,11/11/2014,11/17/2014,1
20141104,CONUS,54.74,45.26,29.86,17.7,8.91,3.81,11/4/2014,11/10/2014,1
20141028,CONUS,56.52,43.48,29.61,18.02,9.17,3.99,10/28/2014,11/3/2014,1
20141021,CONUS,56.16,43.84,29.8,18.04,9.09,3.87,10/21/2014,10/27/2014,1
20141014,CONUS,55.59,44.41,29.78,18.14,9.3,3.87,10/14/2014,10/20/2014,1
20141007,CONUS,53.03,46.97,30.51,18.66,9.46,3.87,10/7/2014,10/13/2014,1
20140930,CONUS,52.22,47.78,30.57,18.66,9.41,3.85,9/30/2014,10/6/2014,1
20140923,CONUS,54.53,45.47,30.62,18.39,9.26,3.72,9/23/2014,9/29/2014,1
20140916,CONUS,54.91,45.09,31.11,19.95,9.32,3.72,9/16/2014,9/22/2014,1
20140909,CONUS,53.9,46.1,31.27,20.31,9.47,3.7,9/9/2014,9/15/2014,1
20140902,CONUS,53.16,46.84,32.78,20.93,9.91,3.8,9/2/2014,9/8/2014,1
20140826,CONUS,52.24,47.76,33.86,21.55,10.08,3.8,8/26/2014,9/1/2014,1
20140819,CONUS,51.93,48.07,33.56,21.62,10.12,3.8,8/19/2014,8/25/2014,1
20140812,CONUS,52.81,47.19,33.61,22.03,10.24,3.79,8/12/2014,8/18/2014,1
20140805,CONUS,52.44,47.56,33.94,22.19,10.19,3.84,8/5/2014,8/11/2014,1
20140729,CONUS,52.5,47.5,34.06,22.77,10.6,3.9,7/29/2014,8/4/2014,1
20140722,CONUS,53.81,46.19,33.62,23.86,11.26,2.79,7/22/2014,7/28/2014,1
20140715,CONUS,54.61,45.39,34.16,24.12,11.87,2.86,7/15/2014,7/21/2014,1
20140708,CONUS,54.53,45.47,34.25,24.95,12.02,2.94,7/8/2014,7/14/2014,1
20140701,CONUS,55.57,44.43,34.01,25,11.98,2.98,7/1/2014,7/7/2014,1
20140624,CONUS,54.67,45.33,35.03,24.82,11.23,2.91,6/24/2014,6/30/2014,1
20140617,CONUS,54.73,45.27,35.55,25.43,11.63,3.14,6/17/2014,6/23/2014,1
20140610,CONUS,53.91,46.09,36.15,25.97,12.18,2.68,6/10/2014,6/16/2014,1
20140603,CONUS,52.14,47.86,37.32,27.28,13.24,3.02,6/3/2014,6/9/2014,1
20140527,CONUS,52.12,47.88,37.93,27.72,13.64,3.35,5/27/2014,6/2/2014,1
20140520,CONUS,52.36,47.64,38.12,28.3,14.47,4.99,5/20/2014,5/26/2014,1
20140513,CONUS,51.21,48.79,38.08,28.04,14,4.46,5/13/2014,5/19/2014,1
20140506,CONUS,49.33,50.67,40.06,28.34,14.49,4.45,5/6/2014,5/12/2014,1
20140429,CONUS,51.18,48.82,38.43,26.76,12.76,3.88,4/29/2014,5/5/2014,1
20140422,CONUS,49.83,50.17,38.43,26.2,11.48,3.26,4/22/2014,4/28/2014,1
20140415,CONUS,51.54,48.46,37.88,25.2,10.11,2.83,4/15/2014,4/21/2014,1
20140408,CONUS,50.3,49.7,37.98,24.23,9.88,2.53,4/8/2014,4/14/2014,1
20140401,CONUS,47.12,52.88,38.37,24.12,9.8,2.18,4/1/2014,4/7/2014,1
20140325,CONUS,48.02,51.98,38.27,23.09,9.7,2.09,3/25/2014,3/31/2014,1
20140318,CONUS,48.53,51.47,37.48,22.27,8.47,1.64,3/18/2014,3/24/2014,1
20140311,CONUS,47.91,52.09,35.74,21.71,7.7,1.66,3/11/2014,3/17/2014,1
20140304,CONUS,46.53,53.47,35.85,21.56,7.4,1.57,3/4/2014,3/10/2014,1
20140225,CONUS,45.89,54.11,36.08,21.54,7.65,1.76,2/25/2014,3/3/2014,1
20140218,CONUS,46.79,53.21,35.73,21.26,7.26,1.14,2/18/2014,2/24/2014,1
20140211,CONUS,44.54,55.46,37.6,21.41,6.86,0.88,2/11/2014,2/17/2014,1
20140204,CONUS,43.45,56.55,37.38,20.84,7.37,0.88,2/4/2014,2/10/2014,1
20140128,CONUS,43.75,56.25,36.49,20.76,7.24,0.83,1/28/2014,2/3/2014,1
20140121,CONUS,46.63,53.37,34.43,19.03,6.41,0.37,1/21/2014,1/27/2014,1
20140114,CONUS,47.43,52.57,34.39,19.03,6.41,0.37,1/14/2014,1/20/2014,1
20140107,CONUS,46.64,53.36,33.22,17.12,4.13,0.37,1/7/2014,1/13/2014,1
20131231,CONUS,48.24,51.76,30.95,16.67,3.96,0.37,12/31/2013,1/6/2014,1
20131224,CONUS,46.35,53.65,31.11,16.64,3.99,0.37,12/24/2013,12/30/2013,1
20131217,CONUS,43.4,56.6,31.5,16.63,3.9,0.41,12/17/2013,12/23/2013,1
20131210,CONUS,44.51,55.49,30.28,16.37,3.81,0.39,12/10/2013,12/16/2013,1
20131203,CONUS,44.55,55.45,30.59,16.5,3.82,0.39,12/3/2013,12/9/2013,1
20131126,CONUS,43.82,56.18,30.57,16.49,3.8,0.39,11/26/2013,12/2/2013,1
20131119,CONUS,41.21,58.79,32.45,17.32,3.91,0.37,11/19/2013,11/25/2013,1
20131112,CONUS,43.98,56.02,31.76,17.26,2.97,0.33,11/12/2013,11/18/2013,1
20131105,CONUS,44.88,55.12,32.24,17.45,2.93,0.34,11/5/2013,11/11/2013,1
20131029,CONUS,44.13,55.87,34.7,18.07,2.82,0.3,10/29/2013,11/4/2013,1
20131022,CONUS,45.04,54.96,35,18.12,2.82,0.3,10/22/2013,10/28/2013,1
20131015,CONUS,45.24,54.76,36.71,18.13,2.75,0.29,10/15/2013,10/21/2013,1
20131008,CONUS,42.23,57.77,38.59,19.6,2.91,0.29,10/8/2013,10/14/2013,1
20131001,CONUS,39.57,60.43,41.21,20.7,3.06,0.29,10/1/2013,10/7/2013,1
20130924,CONUS,38.06,61.94,45.46,25.33,4.33,0.31,9/24/2013,9/30/2013,1
20130917,CONUS,35.91,64.09,48.19,28.35,6.85,0.43,9/17/2013,9/23/2013,1
20130910,CONUS,36.25,63.75,50.69,33.28,10.15,1.25,9/10/2013,9/16/2013,1
20130903,CONUS,38.29,61.71,50.09,32.4,9.86,1.25,9/3/2013,9/9/2013,1
20130827,CONUS,37.66,62.34,50.04,33.37,10.53,1.32,8/27/2013,9/2/2013,1
20130820,CONUS,40.02,59.98,45.61,32.23,10.54,1.32,8/20/2013,8/26/2013,1
20130813,CONUS,42.7,57.3,45.26,31.57,11.77,2.03,8/13/2013,8/19/2013,1
20130806,CONUS,42.6,57.4,45.49,32.32,11.98,2.77,8/6/2013,8/12/2013,1
20130730,CONUS,42.77,57.23,45.64,32.44,11.8,3.17,7/30/2013,8/5/2013,1
20130723,CONUS,41.7,58.3,46.55,33.37,12.54,3.83,7/23/2013,7/29/2013,1
20130716,CONUS,45.61,54.39,46.13,34.28,13.34,4.34,7/16/2013,7/22/2013,1
20130709,CONUS,47.62,52.38,44.85,33.61,13.84,4.67,7/9/2013,7/15/2013,1
20130702,CONUS,49.11,50.89,44.06,32.95,13.57,4.68,7/2/2013,7/8/2013,1
20130625,CONUS,48.67,51.33,43.84,32.04,13.14,4.37,6/25/2013,7/1/2013,1
20130618,CONUS,46.73,53.27,44.77,30.04,12.61,4.38,6/18/2013,6/24/2013,1
20130611,CONUS,46.93,53.07,44.13,28.44,11.36,4.69,6/11/2013,6/17/2013,1
20130604,CONUS,45.02,54.98,44.11,28.49,11.44,4.79,6/4/2013,6/10/2013,1
20130528,CONUS,43.13,56.87,44.34,29.56,11.75,4.74,5/28/2013,6/3/2013,1
20130521,CONUS,39.06,60.94,46.07,31.16,12.64,4.94,5/21/2013,5/27/2013,1
20130514,CONUS,38.27,61.73,47.66,32.3,13.64,4.4,5/14/2013,5/20/2013,1
20130507,CONUS,37.58,62.42,48.06,32.88,14.12,4.38,5/7/2013,5/13/2013,1
20130430,CONUS,39.88,60.12,46.9,32.73,13.96,3.4,4/30/2013,5/6/2013,1
20130423,CONUS,39.79,60.21,47.34,31.75,14.72,2.59,4/23/2013,4/29/2013,1
20130416,CONUS,38.33,61.67,47.82,32.1,14.57,2.58,4/16/2013,4/22/2013,1
20130409,CONUS,35.35,64.65,50.82,35.12,16.71,3.38,4/9/2013,4/15/2013,1
20130402,CONUS,33.29,66.71,51.92,35.3,17.13,5.2,4/2/2013,4/8/2013,1
20130326,CONUS,34.96,65.04,51.64,35.19,16.85,5.1,3/26/2013,4/1/2013,1
20130319,CONUS,34.76,65.24,51.86,35.45,16.85,5.4,3/19/2013,3/25/2013,1
20130312,CONUS,36.33,63.67,51.38,34.93,16.51,5.28,3/12/2013,3/18/2013,1
20130305,CONUS,34.33,65.67,53.34,36.44,17.04,5.45,3/5/2013,3/11/2013,1
20130226,CONUS,33.62,66.38,54.17,36.35,16.95,5.45,2/26/2013,3/4/2013,1
20130219,CONUS,33.16,66.84,55.82,37.41,18.66,6.66,2/19/2013,2/25/2013,1
20130212,CONUS,34.11,65.89,55.73,37.74,17.71,6.61,2/12/2013,2/18/2013,1
20130205,CONUS,32.03,67.97,56.84,40.13,19.1,6.85,2/5/2013,2/11/2013,1
20130129,CONUS,30.27,69.73,57.68,40.61,19.35,6.37,1/29/2013,2/4/2013,1
20130122,CONUS,30.22,69.78,57.64,40.07,19.31,6.36,1/22/2013,1/28/2013,1
20130115,CONUS,29.85,70.15,58.87,40.29,19.39,6.31,1/15/2013,1/21/2013,1
20130108,CONUS,28.26,71.74,60.26,41.71,20.8,6.7,1/8/2013,1/14/2013,1
20130101,CONUS,27.22,72.78,61.09,42.05,21.31,6.75,1/1/2013,1/7/2013,1
20121225,CONUS,26.16,73.84,61.82,42.45,21.6,6.73,12/25/2012,12/31/2012,1
20121218,CONUS,26.21,73.79,61.79,42.51,21.67,6.64,12/18/2012,12/24/2012,1
20121211,CONUS,26.12,73.88,61.87,42.59,21.07,6.49,12/11/2012,12/17/2012,1
20121204,CONUS,23.84,76.16,62.37,42.22,20.63,6.49,12/4/2012,12/10/2012,1
20121127,CONUS,24.03,75.97,62.65,41.54,20.12,6.39,11/27/2012,12/3/2012,1
20121120,CONUS,26.23,73.77,60.09,37.85,19.04,6.27,11/20/2012,11/26/2012,1
20121113,CONUS,27.55,72.45,58.83,35.98,18.3,6.01,11/13/2012,11/19/2012,1
20121106,CONUS,27.48,72.52,59.48,38.05,19.36,6.18,11/6/2012,11/12/2012,1
20121030,CONUS,27.12,72.88,60.16,38.27,19.04,5.88,10/30/2012,11/5/2012,1
20121023,CONUS,25.65,74.35,61.79,38.64,19.52,5.84,10/23/2012,10/29/2012,1
20121016,CONUS,25.02,74.98,62.39,38.83,19.08,5.84,10/16/2012,10/22/2012,1
20121009,CONUS,23.28,76.72,63.55,39.91,20.15,6.18,10/9/2012,10/15/2012,1
20121002,CONUS,24.1,75.9,64.58,40.07,20.12,6.07,10/2/2012,10/8/2012,1
20120925,CONUS,23.41,76.59,65.45,42.12,21.48,6.12,9/25/2012,10/1/2012,1
20120918,CONUS,21.85,78.15,64.82,41.07,20.74,5.96,9/18/2012,9/24/2012,1
20120911,CONUS,21.47,78.53,64.16,41.81,21.09,6.23,9/11/2012,9/17/2012,1
20120904,CONUS,22.54,77.46,63.39,42.48,21.45,6.14,9/4/2012,9/10/2012,1
20120828,CONUS,22.31,77.69,62.89,42.34,23.18,6.04,8/28/2012,9/3/2012,1
20120821,CONUS,22.72,77.28,63.2,44.03,23.01,6.31,8/21/2012,8/27/2012,1
20120814,CONUS,22.32,77.68,61.77,45.54,23.68,6.26,8/14/2012,8/20/2012,1
20120807,CONUS,21.86,78.14,62.46,46.01,24.14,4.21,8/7/2012,8/13/2012,1
20120731,CONUS,20.62,79.38,62.91,45.57,22.27,3.01,7/31/2012,8/6/2012,1
20120724,CONUS,19.92,80.08,63.86,45.57,20.57,2.38,7/24/2012,7/30/2012,1
20120717,CONUS,19.25,80.75,63.54,42.23,13.53,0.99,7/17/2012,7/23/2012,1
20120710,CONUS,20.02,79.98,60.84,37.19,11.61,0.74,7/10/2012,7/16/2012,1
20120703,CONUS,23.67,76.33,55.96,34.24,10.32,0.6,7/3/2012,7/9/2012,1
20120626,CONUS,27.99,72.01,51.13,30.73,8.54,0.41,6/26/2012,7/2/2012,1
20120619,CONUS,31.22,68.78,46.72,24.27,5.19,0.29,6/19/2012,6/25/2012,1
20120612,CONUS,37.47,62.53,39.68,19.14,3.92,0.29,6/12/2012,6/18/2012,1
20120605,CONUS,36.01,63.99,38.6,18.92,4.6,0.6,6/5/2012,6/11/2012,1
20120529,CONUS,35.98,64.02,37.37,18.94,5.22,0.66,5/29/2012,6/4/2012,1
20120522,CONUS,37.68,62.32,35.3,19.46,5.95,0.95,5/22/2012,5/28/2012,1
20120515,CONUS,45.21,54.79,33.64,18.39,5.71,1.02,5/15/2012,5/21/2012,1
20120508,CONUS,43.88,56.12,35.88,19.65,6.77,1.61,5/8/2012,5/14/2012,1
20120501,CONUS,40.67,59.33,38.18,20.41,6.92,1.93,5/1/2012,5/7/2012,1
20120424,CONUS,40.58,59.42,37.07,19.95,6.65,1.86,4/24/2012,4/30/2012,1
20120417,CONUS,40.55,59.45,36.94,19.6,6.57,1.89,4/17/2012,4/23/2012,1
20120410,CONUS,39.12,60.88,38.34,20.12,6.73,2.05,4/10/2012,4/16/2012,1
20120403,CONUS,39.87,60.13,36.77,19.64,6.65,1.92,4/3/2012,4/9/2012,1
20120327,CONUS,43.56,56.44,35.93,19.4,6.72,2.15,3/27/2012,4/2/2012,1
20120320,CONUS,43.91,56.09,38.31,19.19,6.88,2.21,3/20/2012,3/26/2012,1
20120313,CONUS,41.76,58.24,39.77,20.86,7.29,2.41,3/13/2012,3/19/2012,1
20120306,CONUS,42.81,57.19,39.02,19.3,7.24,2.44,3/6/2012,3/12/2012,1
20120228,CONUS,42.48,57.52,38.66,19.5,7.63,2.5,2/28/2012,3/5/2012,1
20120221,CONUS,42.76,57.24,37.93,17.34,7.64,2.42,2/21/2012,2/27/2012,1
20120214,CONUS,42.67,57.33,37.82,17.98,9.32,3.22,2/14/2012,2/20/2012,1
20120207,CONUS,42.98,57.02,37.87,18.01,9.17,3.14,2/7/2012,2/13/2012,1
20120131,CONUS,41.84,58.16,37.87,18.41,9.6,3.19,1/31/2012,2/6/2012,1
20120124,CONUS,41.8,58.2,36.21,18.44,9.8,2.74,1/24/2012,1/30/2012,1
20120117,CONUS,43.06,56.94,32.52,18.76,10.21,2.77,1/17/2012,1/23/2012,1
20120110,CONUS,46.29,53.71,32.55,18.82,9.76,2.63,1/10/2012,1/16/2012,1
20120103,CONUS,50.41,49.59,31.9,18.83,10.18,3.32,1/3/2012,1/9/2012,1
20111227,CONUS,50.89,49.11,28.49,18.95,10.01,3.31,12/27/2011,1/2/2012,1
20111220,CONUS,57.25,42.75,27.54,19.37,11.17,4.38,12/20/2011,12/26/2011,1
20111213,CONUS,57.13,42.87,28.04,20.85,12.86,4.59,12/13/2011,12/19/2011,1
20111206,CONUS,59.28,40.72,28.17,21.04,13.82,4.8,12/6/2011,12/12/2011,1
20111129,CONUS,58.96,41.04,29.34,21.9,14.97,5.98,11/29/2011,12/5/2011,1
20111122,CONUS,56.96,43.04,31.18,23.2,16.51,8.11,11/22/2011,11/28/2011,1
20111115,CONUS,56.09,43.91,31.89,23.99,17.22,8.7,11/15/2011,11/21/2011,1
20111108,CONUS,55.82,44.18,33.16,23.99,17.5,8.78,11/8/2011,11/14/2011,1
20111101,CONUS,56.98,43.02,32.56,24.35,17.73,8.86,11/1/2011,11/7/2011,1
20111025,CONUS,58.96,41.04,30.26,23.95,17.26,9.55,10/25/2011,10/31/2011,1
20111018,CONUS,59.33,40.67,29.84,23.69,17.44,9.91,10/18/2011,10/24/2011,1
20111011,CONUS,57.83,42.17,30.47,23.85,17.12,9.76,10/11/2011,10/17/2011,1
20111004,CONUS,55.13,44.87,30,23.76,17.99,11.69,10/4/2011,10/10/2011,1
20110927,CONUS,56.45,43.55,29.13,23.44,17.8,11.37,9/27/2011,10/3/2011,1
20110920,CONUS,57.22,42.78,30.46,23.64,17.99,11.34,9/20/2011,9/26/2011,1
20110913,CONUS,55.36,44.64,30.86,24.1,18.54,11.75,9/13/2011,9/19/2011,1
20110906,CONUS,56.53,43.47,30,23.37,18.05,11.2,9/6/2011,9/12/2011,1
20110830,CONUS,54.07,45.93,32.83,24.75,18.27,11.21,8/30/2011,9/5/2011,1
20110823,CONUS,54.81,45.19,30.95,23.43,17.24,11.14,8/23/2011,8/29/2011,1
20110816,CONUS,55.14,44.86,31,23.43,17.37,10.83,8/16/2011,8/22/2011,1
20110809,CONUS,55.01,44.99,32.86,24.74,18.48,11.46,8/9/2011,8/15/2011,1
20110802,CONUS,54.99,45.01,32.34,25.18,18.29,10.92,8/2/2011,8/8/2011,1
20110726,CONUS,59.11,40.89,29.5,23.86,18.19,11.04,7/26/2011,8/1/2011,1
20110719,CONUS,62.8,37.2,28.41,23.23,18.03,10.9,7/19/2011,7/25/2011,1
20110712,CONUS,64.33,35.67,28.7,23.69,18.67,11.96,7/12/2011,7/18/2011,1
20110705,CONUS,62.63,37.37,29.28,23.58,18.62,11.77,7/5/2011,7/11/2011,1
20110628,CONUS,63.03,36.97,28.08,23.28,18.38,11.94,6/28/2011,7/4/2011,1
20110621,CONUS,67.29,32.71,27.29,22.36,18,11.84,6/21/2011,6/27/2011,1
20110614,CONUS,66.95,33.05,27.12,21.79,16.42,9.03,6/14/2011,6/20/2011,1
20110607,CONUS,67.68,32.32,26.77,21.32,15.74,7.8,6/7/2011,6/13/2011,1
20110531,CONUS,68.95,31.05,25.56,20.69,14.68,6.25,5/31/2011,6/6/2011,1
20110524,CONUS,68.67,31.33,25.47,20.26,13.46,5.62,5/24/2011,5/30/2011,1
20110517,CONUS,67.69,32.31,26.35,20.68,13.18,6.04,5/17/2011,5/23/2011,1
20110510,CONUS,66.19,33.81,26.42,20.53,12.48,5.94,5/10/2011,5/16/2011,1
20110503,CONUS,66.22,33.78,26.39,19.26,11.66,3.12,5/3/2011,5/9/2011,1
20110426,CONUS,65.7,34.3,26.59,18.5,10.86,1.66,4/26/2011,5/2/2011,1
20110419,CONUS,63.3,36.7,27.4,18.99,9.87,1.42,4/19/2011,4/25/2011,1
20110412,CONUS,62.57,37.43,28.49,18.31,9,0.93,4/12/2011,4/18/2011,1
20110405,CONUS,62.46,37.54,28.75,18.17,8.75,0.42,4/5/2011,4/11/2011,1
20110329,CONUS,61.76,38.24,28.14,18.22,6.41,0,3/29/2011,4/4/2011,1
20110322,CONUS,60.69,39.31,27.33,14.91,4.77,0,3/22/2011,3/28/2011,1
20110315,CONUS,60.9,39.1,25.92,13.04,3.35,0,3/15/2011,3/21/2011,1
20110308,CONUS,59.25,40.75,27.48,12.56,2.68,0,3/8/2011,3/14/2011,1
20110301,CONUS,57.03,42.97,27.92,12.47,2.3,0,3/1/2011,3/7/2011,1
20110222,CONUS,56.18,43.82,28.22,11.43,2.07,0,2/22/2011,2/28/2011,1
20110215,CONUS,55.19,44.81,24.94,9.6,1.44,0,2/15/2011,2/21/2011,1
20110208,CONUS,56.64,43.36,24.27,9.64,1.44,0,2/8/2011,2/14/2011,1
20110201,CONUS,57.45,42.55,24.1,10.58,1.61,0,2/1/2011,2/7/2011,1
20110125,CONUS,58.19,41.81,24.03,8.96,2.08,0,1/25/2011,1/31/2011,1
20110118,CONUS,59.28,40.72,22.94,7.96,2.18,0,1/18/2011,1/24/2011,1
20110111,CONUS,60.58,39.42,23.14,7.66,2.37,0,1/11/2011,1/17/2011,1
20110104,CONUS,60.5,39.5,21.74,8.5,2.6,0,1/4/2011,1/10/2011,1
20101228,CONUS,59.05,40.95,23.75,9.06,2.36,0,12/28/2010,1/3/2011,1
20101221,CONUS,58.48,41.52,23.34,8.39,1.95,0,12/21/2010,12/27/2010,1
20101214,CONUS,57.66,42.34,19.8,7.16,1.42,0,12/14/2010,12/20/2010,1
20101207,CONUS,57.36,42.64,17.81,6.97,1.3,0,12/7/2010,12/13/2010,1
20101130,CONUS,60.26,39.74,16.67,6.03,0.79,0,11/30/2010,12/6/2010,1
20101123,CONUS,61.01,38.99,17.11,6.41,1.16,0,11/23/2010,11/29/2010,1
20101116,CONUS,60.02,39.98,16.53,5.98,1.26,0,11/16/2010,11/22/2010,1
20101109,CONUS,61.47,38.53,16.51,6.44,1.37,0,11/9/2010,11/15/2010,1
20101102,CONUS,61.29,38.71,15.78,6.47,1.34,0,11/2/2010,11/8/2010,1
20101026,CONUS,63.67,36.33,15.25,5.92,1.19,0,10/26/2010,11/1/2010,1
20101019,CONUS,59.79,40.21,14.85,5.62,1.08,0,10/19/2010,10/25/2010,1
20101012,CONUS,61.68,38.32,12.51,4.2,0.52,0,10/12/2010,10/18/2010,1
20101005,CONUS,63.64,36.36,11.73,2.71,0.32,0,10/5/2010,10/11/2010,1
20100928,CONUS,60.05,39.95,13.16,3.09,0.3,0,9/28/2010,10/4/2010,1
20100921,CONUS,63.94,36.06,12.21,2.93,0.3,0,9/21/2010,9/27/2010,1
20100914,CONUS,67.96,32.04,10.3,2.23,0.22,0,9/14/2010,9/20/2010,1
20100907,CONUS,70.32,29.68,9.17,1.83,0.22,0,9/7/2010,9/13/2010,1
20100831,CONUS,68.42,31.58,9.55,1.49,0.14,0,8/31/2010,9/6/2010,1
20100824,CONUS,73.99,26.01,8.01,1.44,0.14,0,8/24/2010,8/30/2010,1
20100817,CONUS,72.4,27.6,8.46,1.66,0.14,0,8/17/2010,8/23/2010,1
20100810,CONUS,74.69,25.31,8.33,1.94,0.3,0,8/10/2010,8/16/2010,1
20100803,CONUS,75.51,24.49,8.18,1.97,0.3,0,8/3/2010,8/9/2010,1
20100727,CONUS,74.3,25.7,8.95,1.84,0.28,0,7/27/2010,8/2/2010,1
20100720,CONUS,72.9,27.1,8.26,1.38,0.25,0,7/20/2010,7/26/2010,1
20100713,CONUS,74.84,25.16,7.83,1.33,0.25,0,7/13/2010,7/19/2010,1
20100706,CONUS,75.2,24.8,7.74,1.38,0.25,0,7/6/2010,7/12/2010,1
20100629,CONUS,75.24,24.76,8.46,1.85,0.39,0,6/29/2010,7/5/2010,1
20100622,CONUS,74.98,25.02,8.88,2.03,0.48,0,6/22/2010,6/28/2010,1
20100615,CONUS,78.65,21.35,8.59,2.26,0.48,0,6/15/2010,6/21/2010,1
20100608,CONUS,78.36,21.64,9.04,2.96,0.48,0,6/8/2010,6/14/2010,1
20100601,CONUS,72.88,27.12,9.81,3.25,0.48,0,6/1/2010,6/7/2010,1
20100525,CONUS,76.25,23.75,9.26,2.48,0.18,0,5/25/2010,5/31/2010,1
20100518,CONUS,74.13,25.87,10.33,2.74,0.03,0,5/18/2010,5/24/2010,1
20100511,CONUS,69.22,30.78,11.34,2.62,0,0,5/11/2010,5/17/2010,1
20100504,CONUS,68.58,31.42,10.86,2.62,0,0,5/4/2010,5/10/2010,1
20100427,CONUS,66.92,33.08,10.66,2.62,0,0,4/27/2010,5/3/2010,1
20100420,CONUS,68.45,31.55,10.11,2.21,0,0,4/20/2010,4/26/2010,1
20100413,CONUS,68.14,31.86,9.13,1.98,0,0,4/13/2010,4/19/2010,1
20100406,CONUS,71.57,28.43,9.1,2,0,0,4/6/2010,4/12/2010,1
20100330,CONUS,73.22,26.78,9.01,2,0,0,3/30/2010,4/5/2010,1
20100323,CONUS,73.01,26.99,9.42,2.21,0,0,3/23/2010,3/29/2010,1
20100316,CONUS,72.24,27.76,9.3,2.29,0,0,3/16/2010,3/22/2010,1
20100309,CONUS,70.38,29.62,9.59,2.32,0,0,3/9/2010,3/15/2010,1
20100302,CONUS,72.33,27.67,8.83,1.56,0,0,3/2/2010,3/8/2010,1
20100223,CONUS,71.86,28.14,9.03,1.59,0,0,2/23/2010,3/1/2010,1
20100216,CONUS,71.45,28.55,8.8,1.48,0,0,2/16/2010,2/22/2010,1
20100209,CONUS,72.72,27.28,7.78,1.36,0,0,2/9/2010,2/15/2010,1
20100202,CONUS,72.78,27.22,8.46,1.39,0,0,2/2/2010,2/8/2010,1
20100126,CONUS,71.95,28.05,9.15,1.6,0.13,0,1/26/2010,2/1/2010,1
20100119,CONUS,69.14,30.86,13.64,5.69,0.36,0,1/19/2010,1/25/2010,1
20100112,CONUS,68.84,31.16,13.8,6.13,0.36,0,1/12/2010,1/18/2010,1
20100105,CONUS,72.07,27.93,13.24,4.22,0.19,0,1/5/2010,1/11/2010,1
20091229,CONUS,72.07,27.93,12.4,4.24,0.19,0,12/29/2009,1/4/2010,1
20091222,CONUS,72.8,27.2,12.51,4.24,0.19,0,12/22/2009,12/28/2009,1
20091215,CONUS,72.64,27.36,12.59,4.44,0.19,0,12/15/2009,12/21/2009,1
20091208,CONUS,72.88,27.12,12.89,5.22,0.4,0,12/8/2009,12/14/2009,1
20091201,CONUS,72.91,27.09,13.11,5.22,0.47,0,12/1/2009,12/7/2009,1
20091124,CONUS,72.89,27.11,13.16,5.29,0.53,0.06,11/24/2009,11/30/2009,1
20091117,CONUS,75.19,24.81,12.65,4.79,0.38,0.08,11/17/2009,11/23/2009,1
20091110,CONUS,73.98,26.02,12.99,4.51,0.38,0.08,11/10/2009,11/16/2009,1
20091103,CONUS,74.71,25.29,12.7,4.53,0.46,0.08,11/3/2009,11/9/2009,1
20091027,CONUS,73.04,26.96,11.93,4.61,0.46,0.08,10/27/2009,11/2/2009,1
20091020,CONUS,69.49,30.51,12.81,5.32,0.68,0.13,10/20/2009,10/26/2009,1
20091013,CONUS,67.25,32.75,14.2,6.88,0.63,0.13,10/13/2009,10/19/2009,1
20091006,CONUS,66.07,33.93,14.58,5.68,0.74,0.13,10/6/2009,10/12/2009,1
20090929,CONUS,63.99,36.01,14.98,6.18,1.3,0.28,9/29/2009,10/5/2009,1
20090922,CONUS,66.72,33.28,15.25,6.18,1.57,0.33,9/22/2009,9/28/2009,1
20090915,CONUS,67.46,32.54,14.64,5.54,1.4,0.3,9/15/2009,9/21/2009,1
20090908,CONUS,65.66,34.34,14.99,5.79,2.2,1.42,9/8/2009,9/14/2009,1
20090901,CONUS,67.78,32.22,14.18,5.95,2.33,1.53,9/1/2009,9/7/2009,1
20090825,CONUS,68.13,31.87,14.13,6.02,2.33,1.66,8/25/2009,8/31/2009,1
20090818,CONUS,66.75,33.25,12.55,6.45,2.57,1.6,8/18/2009,8/24/2009,1
20090811,CONUS,65.11,34.89,12.43,6.4,2.56,1.48,8/11/2009,8/17/2009,1
20090804,CONUS,65.53,34.47,12.96,6.76,2.56,1.48,8/4/2009,8/10/2009,1
20090728,CONUS,64.89,35.11,13.84,6.81,2.18,1.65,7/28/2009,8/3/2009,1
20090721,CONUS,62.35,37.65,14.52,6.83,2.17,1.45,7/21/2009,7/27/2009,1
20090714,CONUS,63.78,36.22,15.12,6.42,2.18,1.58,7/14/2009,7/20/2009,1
20090707,CONUS,65.49,34.51,14.05,6.15,1.97,1.24,7/7/2009,7/13/2009,1
20090630,CONUS,67.3,32.7,13.4,5.51,1.76,0.98,6/30/2009,7/6/2009,1
20090623,CONUS,68.73,31.27,13.03,5.4,1.36,0.72,6/23/2009,6/29/2009,1
20090616,CONUS,65.73,34.27,13.7,5.94,1.46,0.67,6/16/2009,6/22/2009,1
20090609,CONUS,65.46,34.54,14.4,6.15,1.54,0.67,6/9/2009,6/15/2009,1
20090602,CONUS,66.36,33.64,14.29,6.06,1.46,0.57,6/2/2009,6/8/2009,1
20090526,CONUS,69.37,30.63,14.51,5.67,1.53,0.59,5/26/2009,6/1/2009,1
20090519,CONUS,66.28,33.72,17.1,7.21,1.9,0.75,5/19/2009,5/25/2009,1
20090512,CONUS,65.12,34.88,17.11,7.49,2.65,1.31,5/12/2009,5/18/2009,1
20090505,CONUS,60.91,39.09,17.24,7.38,2.12,0.86,5/5/2009,5/11/2009,1
20090428,CONUS,54.75,45.25,18.28,8.06,2.05,0.86,4/28/2009,5/4/2009,1
20090421,CONUS,56.22,43.78,19.33,8.94,2.15,0.99,4/21/2009,4/27/2009,1
20090414,CONUS,54.59,45.41,20.79,9.34,2.29,1.01,4/14/2009,4/20/2009,1
20090407,CONUS,53.44,46.56,22.41,9.41,2.17,0.62,4/7/2009,4/13/2009,1
20090331,CONUS,49.46,50.54,24.73,7.99,2.17,0.62,3/31/2009,4/6/2009,1
20090324,CONUS,42.79,57.21,26.6,8.09,1.9,0.62,3/24/2009,3/30/2009,1
20090317,CONUS,45.88,54.12,24.5,7.82,1.9,0.62,3/17/2009,3/23/2009,1
20090310,CONUS,45.64,54.36,25.71,7.64,2.13,0.85,3/10/2009,3/16/2009,1
20090303,CONUS,47.07,52.93,25.69,8.7,2.29,0.85,3/3/2009,3/9/2009,1
20090224,CONUS,50.35,49.65,24.01,8.99,2.71,0.75,2/24/2009,3/2/2009,1
20090217,CONUS,50.61,49.39,21.1,9.28,2.81,0.75,2/17/2009,2/23/2009,1
20090210,CONUS,49.87,50.13,21.96,9.59,2.88,0.67,2/10/2009,2/16/2009,1
20090203,CONUS,56.21,43.79,21.75,9.48,2.88,0.59,2/3/2009,2/9/2009,1
20090127,CONUS,54.95,45.05,21.07,8.42,2.45,0.37,1/27/2009,2/2/2009,1
20090120,CONUS,58.58,41.42,19.3,6.89,2.26,0.37,1/20/2009,1/26/2009,1
20090113,CONUS,58.24,41.76,19.43,6.46,1.63,0.37,1/13/2009,1/19/2009,1
20090106,CONUS,57.72,42.28,19.2,5.93,1.21,0.37,1/6/2009,1/12/2009,1
20081230,CONUS,58.21,41.79,19.19,6.17,1.24,0.37,12/30/2008,1/5/2009,1
20081223,CONUS,54.32,45.68,20.35,6.68,1.35,0.37,12/23/2008,12/29/2008,1
20081216,CONUS,53.08,46.92,20.86,7.19,1.56,0.37,12/16/2008,12/22/2008,1
20081209,CONUS,52.7,47.3,21.77,8.59,2.21,0.77,12/9/2008,12/15/2008,1
20081202,CONUS,51.76,48.24,21.62,7.91,2.12,0.62,12/2/2008,12/8/2008,1
20081125,CONUS,54.88,45.12,21.39,8.24,2.06,0.51,11/25/2008,12/1/2008,1
20081118,CONUS,56.17,43.83,20.92,8.15,1.77,0.44,11/18/2008,11/24/2008,1
20081111,CONUS,57.64,42.36,21.1,8.59,1.86,0.44,11/11/2008,11/17/2008,1
20081104,CONUS,56.17,43.83,21.66,8.64,1.86,0.19,11/4/2008,11/10/2008,1
20081028,CONUS,58.34,41.66,21.59,9.39,1.7,0.12,10/28/2008,11/3/2008,1
20081021,CONUS,56.46,43.54,22.42,9.47,1.73,0.12,10/21/2008,10/27/2008,1
20081014,CONUS,58.1,41.9,21.12,9.01,1.73,0.12,10/14/2008,10/20/2008,1
20081007,CONUS,54.73,45.27,23.15,9.02,1.73,0.18,10/7/2008,10/13/2008,1
20080930,CONUS,54.1,45.9,23.55,8.89,1.84,0.18,9/30/2008,10/6/2008,1
20080923,CONUS,55.92,44.08,22.84,8.09,1.51,0.18,9/23/2008,9/29/2008,1
20080916,CONUS,54.59,45.41,21.86,7.52,1.38,0.14,9/16/2008,9/22/2008,1
20080909,CONUS,51.86,48.14,22.69,7.86,1.43,0.14,9/9/2008,9/15/2008,1
20080902,CONUS,47.99,52.01,23.9,8.16,1.56,0.14,9/2/2008,9/8/2008,1
20080826,CONUS,46.89,53.11,23.16,9.17,1.91,0.14,8/26/2008,9/1/2008,1
20080819,CONUS,48.87,51.13,25.19,11.57,3.08,0.77,8/19/2008,8/25/2008,1
20080812,CONUS,48.29,51.71,27.25,12.84,4.42,0.96,8/12/2008,8/18/2008,1
20080805,CONUS,46.84,53.16,28.2,12.98,4.35,0.96,8/5/2008,8/11/2008,1
20080729,CONUS,48.92,51.08,28.11,12.6,4.36,0.96,7/29/2008,8/4/2008,1
20080722,CONUS,47.66,52.34,27.42,10.94,3.99,1.22,7/22/2008,7/28/2008,1
20080715,CONUS,51.88,48.12,27.07,10.81,3.47,0.83,7/15/2008,7/21/2008,1
20080708,CONUS,51.86,48.14,27.54,11.88,4.16,0.88,7/8/2008,7/14/2008,1
20080701,CONUS,52.26,47.74,28.07,12.06,4.36,0.79,7/1/2008,7/7/2008,1
20080624,CONUS,51.81,48.19,29.34,11.83,4.54,0.41,6/24/2008,6/30/2008,1
20080617,CONUS,52.13,47.87,30.23,12.1,4.28,0.32,6/17/2008,6/23/2008,1
20080610,CONUS,52.1,47.9,23.7,9.41,2.35,0,6/10/2008,6/16/2008,1
20080603,CONUS,58.46,41.54,23.08,8.57,1.78,0,6/3/2008,6/9/2008,1
20080527,CONUS,60,40,21.53,8.12,1.64,0,5/27/2008,6/2/2008,1
20080520,CONUS,54.3,45.7,25.19,8.64,1.55,0,5/20/2008,5/26/2008,1
20080513,CONUS,53.83,46.17,24.55,8.62,2.09,0,5/13/2008,5/19/2008,1
20080506,CONUS,52.6,47.4,25.61,8.74,2.2,0,5/6/2008,5/12/2008,1
20080429,CONUS,52.03,47.97,27.28,10.49,2.48,0.29,4/29/2008,5/5/2008,1
20080422,CONUS,54.54,45.46,26.92,9.15,2.51,0.29,4/22/2008,4/28/2008,1
20080415,CONUS,54.53,45.47,26.78,9.61,2.36,0.29,4/15/2008,4/21/2008,1
20080408,CONUS,53.84,46.16,26.63,7.99,2.62,0,4/8/2008,4/14/2008,1
20080401,CONUS,52.47,47.53,28.36,9.72,2.85,0,4/1/2008,4/7/2008,1
20080325,CONUS,53.7,46.3,28.27,12.58,2.51,0,3/25/2008,3/31/2008,1
20080318,CONUS,53.38,46.62,29.64,13.62,2.65,0.11,3/18/2008,3/24/2008,1
20080311,CONUS,53.33,46.67,27.2,14.37,2.65,0.38,3/11/2008,3/17/2008,1
20080304,CONUS,51.91,48.09,28.46,15.26,3.28,0.89,3/4/2008,3/10/2008,1
20080226,CONUS,50.09,49.91,29.19,15.05,3.35,1.09,2/26/2008,3/3/2008,1
20080219,CONUS,46.56,53.44,29.71,15.31,4.03,2.06,2/19/2008,2/25/2008,1
20080212,CONUS,43.45,56.55,29.98,15.11,4.08,2.15,2/12/2008,2/18/2008,1
20080205,CONUS,44.06,55.94,31.25,15.4,4.07,2.15,2/5/2008,2/11/2008,1
20080129,CONUS,43.59,56.41,31.57,16.19,4.4,2.29,1/29/2008,2/4/2008,1
20080122,CONUS,44.2,55.8,34.48,17.88,4.16,2.18,1/22/2008,1/28/2008,1
20080115,CONUS,42.31,57.69,35.69,19.19,4.44,2.18,1/15/2008,1/21/2008,1
20080108,CONUS,43.59,56.41,35.41,18.25,4.71,2.51,1/8/2008,1/14/2008,1
20080101,CONUS,45.42,54.58,34.96,20.39,5.75,2.38,1/1/2008,1/7/2008,1
20071225,CONUS,46.38,53.62,34.54,20.78,6.41,3.75,12/25/2007,12/31/2007,1
20071218,CONUS,46.38,53.62,34.68,20.86,6.42,3.75,12/18/2007,12/24/2007,1
20071211,CONUS,44.33,55.67,35.55,20.91,6.42,3.75,12/11/2007,12/17/2007,1
20071204,CONUS,41.44,58.56,36.33,20.68,6.15,3.24,12/4/2007,12/10/2007,1
20071127,CONUS,43.76,56.24,37.42,22.72,8.04,2.88,11/27/2007,12/3/2007,1
20071120,CONUS,39.57,60.43,36.97,22.42,8.06,2.93,11/20/2007,11/26/2007,1
20071113,CONUS,42.2,57.8,36.1,22.52,7.55,2.72,11/13/2007,11/19/2007,1
20071106,CONUS,46.67,53.33,35.56,23,8,2.47,11/6/2007,11/12/2007,1
20071030,CONUS,49.89,50.11,35.06,22.89,7.89,2.2,10/30/2007,11/5/2007,1
20071023,CONUS,45.22,54.78,38.84,26.38,10.59,3.97,10/23/2007,10/29/2007,1
20071016,CONUS,41.45,58.55,43.9,30.22,13.13,4.32,10/16/2007,10/22/2007,1
20071009,CONUS,40.88,59.12,43.75,29.99,12.39,3.53,10/9/2007,10/15/2007,1
20071002,CONUS,40.7,59.3,43.76,29.63,11.99,3.35,10/2/2007,10/8/2007,1
20070925,CONUS,41.29,58.71,43.95,30.02,11.81,2.28,9/25/2007,10/1/2007,1
20070918,CONUS,41.4,58.6,43.81,32.08,12.23,2.31,9/18/2007,9/24/2007,1
20070911,CONUS,40.41,59.59,44.45,32.11,12.31,2.82,9/11/2007,9/17/2007,1
20070904,CONUS,38.48,61.52,45.47,32.33,12.16,2.4,9/4/2007,9/10/2007,1
20070828,CONUS,38.05,61.95,45.73,33.14,12.81,2.78,8/28/2007,9/3/2007,1
20070821,CONUS,35.36,64.64,48.75,33.29,12.5,2.86,8/21/2007,8/27/2007,1
20070814,CONUS,34.79,65.21,48.17,32.85,10.01,2.34,8/14/2007,8/20/2007,1
20070807,CONUS,33.83,66.17,46.95,30.01,8.35,1.53,8/7/2007,8/13/2007,1
20070731,CONUS,35.95,64.05,46.11,28.74,6.78,0.66,7/31/2007,8/6/2007,1
20070724,CONUS,37.53,62.47,43.74,24.92,6.31,0.4,7/24/2007,7/30/2007,1
20070717,CONUS,40.64,59.36,42.33,19.73,6.31,0.51,7/17/2007,7/23/2007,1
20070710,CONUS,41.85,58.15,39.24,19.39,6.33,0.51,7/10/2007,7/16/2007,1
20070703,CONUS,46.17,53.83,34.54,18.52,7.09,0.77,7/3/2007,7/9/2007,1
20070626,CONUS,46.43,53.57,34.34,19.08,7.36,0.92,6/26/2007,7/2/2007,1
20070619,CONUS,47.46,52.54,34.05,19.05,7.54,1.19,6/19/2007,6/25/2007,1
20070612,CONUS,49.43,50.57,33.49,18.28,6.47,0.89,6/12/2007,6/18/2007,1
20070605,CONUS,48.65,51.35,33.78,16.95,6.47,0.38,6/5/2007,6/11/2007,1
20070529,CONUS,49.49,50.51,33.84,17.67,6.89,0,5/29/2007,6/4/2007,1
20070522,CONUS,50.97,49.03,33.8,17.38,6.65,0,5/22/2007,5/28/2007,1
20070515,CONUS,51.23,48.77,32.85,16.01,5.49,0,5/15/2007,5/21/2007,1
20070508,CONUS,53.45,46.55,31.61,14.57,5.12,0,5/8/2007,5/14/2007,1
20070501,CONUS,52.44,47.56,32.51,14.88,4.73,0,5/1/2007,5/7/2007,1
20070424,CONUS,52.47,47.53,31.71,13.88,4.04,0,4/24/2007,4/30/2007,1
20070417,CONUS,52.94,47.06,31.39,13.29,3.45,0,4/17/2007,4/23/2007,1
20070410,CONUS,50.14,49.86,31.8,11.23,3,0,4/10/2007,4/16/2007,1
20070403,CONUS,50.62,49.38,30.59,10.46,3.05,0,4/3/2007,4/9/2007,1
20070327,CONUS,44.74,55.26,32.95,14.01,4.68,0,3/27/2007,4/2/2007,1
20070320,CONUS,49.04,50.96,26.93,13.33,5.38,0.18,3/20/2007,3/26/2007,1
20070313,CONUS,50.19,49.81,26.42,13.13,5.48,0.18,3/13/2007,3/19/2007,1
20070306,CONUS,56.02,43.98,23.52,12.11,3.87,0.18,3/6/2007,3/12/2007,1
20070227,CONUS,54.7,45.3,25.2,13.36,4.62,0.18,2/27/2007,3/5/2007,1
20070220,CONUS,51.53,48.47,27.03,14.51,5.4,0.18,2/20/2007,2/26/2007,1
20070213,CONUS,53.25,46.75,26.11,14.64,5.62,0.22,2/13/2007,2/19/2007,1
20070206,CONUS,53.56,46.44,25.21,14.12,5.32,0.21,2/6/2007,2/12/2007,1
20070130,CONUS,56.32,43.68,25.58,13.73,5.32,0.21,1/30/2007,2/5/2007,1
20070123,CONUS,57.93,42.07,24.96,13.36,5.3,0.21,1/23/2007,1/29/2007,1
20070116,CONUS,54.23,45.77,24.97,13.06,6.01,0.31,1/16/2007,1/22/2007,1
20070109,CONUS,51.59,48.41,25.86,13.47,6.28,0.33,1/9/2007,1/15/2007,1
20070102,CONUS,50.01,49.99,25.63,12.62,5.93,0.33,1/2/2007,1/8/2007,1
20061226,CONUS,47.52,52.48,25.53,13.03,5.86,0.48,12/26/2006,1/1/2007,1
20061219,CONUS,46.13,53.87,26.52,13.71,6.19,0.61,12/19/2006,12/25/2006,1
20061212,CONUS,52.24,47.76,25.65,13.51,6.23,0.61,12/12/2006,12/18/2006,1
20061205,CONUS,53.72,46.28,25.13,13.13,6.14,0.17,12/5/2006,12/11/2006,1
20061128,CONUS,57.24,42.76,26.14,13.97,7.42,0.26,11/28/2006,12/4/2006,1
20061121,CONUS,56.51,43.49,26.09,13.51,6.39,0.17,11/21/2006,11/27/2006,1
20061114,CONUS,54.91,45.09,27.55,13.89,5.83,0,11/14/2006,11/20/2006,1
20061107,CONUS,56.23,43.77,27.3,13.89,5.7,0,11/7/2006,11/13/2006,1
20061031,CONUS,52.03,47.97,29.97,15.54,6.04,0,10/31/2006,11/6/2006,1
20061024,CONUS,49.86,50.14,31.56,16.59,6.11,0,10/24/2006,10/30/2006,1
20061017,CONUS,46.86,53.14,33.06,16.35,6.33,0.28,10/17/2006,10/23/2006,1
20061010,CONUS,45.35,54.65,35.1,16.81,6.67,0.24,10/10/2006,10/16/2006,1
20061003,CONUS,44.59,55.41,34.48,16.52,6.81,0.14,10/3/2006,10/9/2006,1
20060926,CONUS,45.13,54.87,32.93,16.3,6.61,0.14,9/26/2006,10/2/2006,1
20060919,CONUS,43.28,56.72,36.78,16.49,7.52,0.3,9/19/2006,9/25/2006,1
20060912,CONUS,42.32,57.68,40.14,22.1,10.29,1.44,9/12/2006,9/18/2006,1
20060905,CONUS,39.05,60.95,41.27,23.25,9.56,1.04,9/5/2006,9/11/2006,1
20060829,CONUS,36.71,63.29,43.95,24.6,9.96,1.74,8/29/2006,9/4/2006,1
20060822,CONUS,35.5,64.5,47.98,29.16,11.04,2,8/22/2006,8/28/2006,1
20060815,CONUS,35.8,64.2,49.16,29.86,11.34,2.01,8/15/2006,8/21/2006,1
20060808,CONUS,36.4,63.6,49.36,30.92,12.09,1.9,8/8/2006,8/14/2006,1
20060801,CONUS,38.55,61.45,48.43,28.68,11.34,1.25,8/1/2006,8/7/2006,1
20060725,CONUS,38.5,61.5,49.95,29.12,11.33,1.25,7/25/2006,7/31/2006,1
20060718,CONUS,39.6,60.4,48.47,25.9,7.34,1.01,7/18/2006,7/24/2006,1
20060711,CONUS,41.64,58.36,40.55,17.44,5.33,0.62,7/11/2006,7/17/2006,1
20060704,CONUS,46.39,53.61,38.04,19.76,8.46,0.94,7/4/2006,7/10/2006,1
20060627,CONUS,47.66,52.34,35.14,19.22,8.99,1.26,6/27/2006,7/3/2006,1
20060620,CONUS,46.48,53.52,33.92,19.76,9.57,1.17,6/20/2006,6/26/2006,1
20060613,CONUS,46.23,53.77,35.16,19.66,9.79,1.17,6/13/2006,6/19/2006,1
20060606,CONUS,51.41,48.59,31.28,18.11,8.27,1.18,6/6/2006,6/12/2006,1
20060530,CONUS,50.64,49.36,29.38,14.88,6.88,1.29,5/30/2006,6/5/2006,1
20060523,CONUS,54.59,45.41,27.18,13.92,7.13,1.36,5/23/2006,5/29/2006,1
20060516,CONUS,53.39,46.61,25.06,12.98,6.84,1.36,5/16/2006,5/22/2006,1
20060509,CONUS,48.36,51.64,26.08,12.41,6.96,1.7,5/9/2006,5/15/2006,1
20060502,CONUS,49.16,50.84,30.02,15.47,5.56,1.82,5/2/2006,5/8/2006,1
20060425,CONUS,48.75,51.25,32.38,18.56,6.78,1.23,4/25/2006,5/1/2006,1
20060418,CONUS,47.56,52.44,32.78,18.7,5.55,1.27,4/18/2006,4/24/2006,1
20060411,CONUS,49.43,50.57,31.6,16.55,3.96,1.12,4/11/2006,4/17/2006,1
20060404,CONUS,47.68,52.32,31.2,15.04,4.08,1.12,4/4/2006,4/10/2006,1
20060328,CONUS,49.07,50.93,31.4,16.74,4.23,1.12,3/28/2006,4/3/2006,1
20060321,CONUS,49.04,50.96,29.93,16.53,5.04,1.12,3/21/2006,3/27/2006,1
20060314,CONUS,54.05,45.95,31.29,18.19,8.07,1.36,3/14/2006,3/20/2006,1
20060307,CONUS,52.3,47.7,31.55,18.03,8.31,1.22,3/7/2006,3/13/2006,1
20060228,CONUS,54.32,45.68,30.11,16.42,7.15,1.22,2/28/2006,3/6/2006,1
20060221,CONUS,58.04,41.96,28.58,15.26,6.59,0.64,2/21/2006,2/27/2006,1
20060214,CONUS,58.24,41.76,28.18,14.27,6.37,0.57,2/14/2006,2/20/2006,1
20060207,CONUS,57.82,42.18,28.5,13.84,6.1,0.61,2/7/2006,2/13/2006,1
20060131,CONUS,56.82,43.18,27.24,11.27,4.35,0.54,1/31/2006,2/6/2006,1
20060124,CONUS,56.51,43.49,25.25,10.81,4.57,0.87,1/24/2006,1/30/2006,1
20060117,CONUS,54.33,45.67,25.49,8.55,3.74,0.76,1/17/2006,1/23/2006,1
20060110,CONUS,54.51,45.49,22.22,8.11,3.66,0.65,1/10/2006,1/16/2006,1
20060103,CONUS,57.05,42.95,21.29,7.49,2.95,0.61,1/3/2006,1/9/2006,1
20051227,CONUS,55.66,44.34,22.6,7.35,2.8,0.54,12/27/2005,1/2/2006,1
20051220,CONUS,53.89,46.11,22.78,7.4,2.8,0.54,12/20/2005,12/26/2005,1
20051213,CONUS,53.4,46.6,22.6,6.72,1.66,0,12/13/2005,12/19/2005,1
20051206,CONUS,54.74,45.26,22.09,6.06,1.39,0,12/6/2005,12/12/2005,1
20051129,CONUS,52.54,47.46,21.28,6.68,1.06,0,11/29/2005,12/5/2005,1
20051122,CONUS,50.15,49.85,22.41,6.69,0.96,0,11/22/2005,11/28/2005,1
20051115,CONUS,48.48,51.52,23.33,5.88,0.96,0,11/15/2005,11/21/2005,1
20051108,CONUS,48.37,51.63,23.97,4.57,0.89,0,11/8/2005,11/14/2005,1
20051101,CONUS,48.54,51.46,21.96,5.48,1,0,11/1/2005,11/7/2005,1
20051025,CONUS,53.46,46.54,20.22,5.3,1,0,10/25/2005,10/31/2005,1
20051018,CONUS,57.33,42.67,18.55,5.11,0.8,0,10/18/2005,10/24/2005,1
20051011,CONUS,56.87,43.13,18.93,5.56,0.84,0,10/11/2005,10/17/2005,1
20051004,CONUS,52.08,47.92,25.04,6.83,0.82,0,10/4/2005,10/10/2005,1
20050927,CONUS,54.16,45.84,23.72,7.19,0.75,0,9/27/2005,10/3/2005,1
20050920,CONUS,51.93,48.07,26.04,9.05,0.99,0,9/20/2005,9/26/2005,1
20050913,CONUS,52.17,47.83,24.49,9.87,1.39,0,9/13/2005,9/19/2005,1
20050906,CONUS,55.76,44.24,22.18,9.51,1.14,0,9/6/2005,9/12/2005,1
20050830,CONUS,58.03,41.97,21.93,8.51,0.84,0,8/30/2005,9/5/2005,1
20050823,CONUS,56.95,43.05,23.46,9.05,0.84,0,8/23/2005,8/29/2005,1
20050816,CONUS,53.5,46.5,25.37,9.78,0.99,0,8/16/2005,8/22/2005,1
20050809,CONUS,48.02,51.98,27.74,11.27,1.83,0,8/9/2005,8/15/2005,1
20050802,CONUS,47.68,52.32,29.29,12.3,1.84,0,8/2/2005,8/8/2005,1
20050726,CONUS,48.49,51.51,28.82,12.04,1.94,0,7/26/2005,8/1/2005,1
20050719,CONUS,51.91,48.09,28.36,11.86,1.5,0,7/19/2005,7/25/2005,1
20050712,CONUS,54.72,45.28,26.45,10.49,1.38,0,7/12/2005,7/18/2005,1
20050705,CONUS,54.09,45.91,26.93,11.43,1.64,0,7/5/2005,7/11/2005,1
20050628,CONUS,52.82,47.18,25.21,9.73,0.71,0,6/28/2005,7/4/2005,1
20050621,CONUS,59.48,40.52,22.96,7.59,0,0,6/21/2005,6/27/2005,1
20050614,CONUS,59.79,40.21,24.07,7.67,0.51,0,6/14/2005,6/20/2005,1
20050607,CONUS,55.24,44.76,26.88,8.85,1.08,0,6/7/2005,6/13/2005,1
20050531,CONUS,54.96,45.04,23.7,10.56,1.89,0,5/31/2005,6/6/2005,1
20050524,CONUS,55.47,44.53,22.25,10.67,1.89,0,5/24/2005,5/30/2005,1
20050517,CONUS,59.88,40.12,21.34,10.43,1.89,0,5/17/2005,5/23/2005,1
20050510,CONUS,52.61,47.39,22.51,13.25,3.29,0,5/10/2005,5/16/2005,1
20050503,CONUS,55.76,44.24,21.78,13.18,4.64,0.67,5/3/2005,5/9/2005,1
20050426,CONUS,64.33,35.67,22.14,13.3,4.75,0.85,4/26/2005,5/2/2005,1
20050419,CONUS,64.28,35.72,22.16,13.99,5.77,1.53,4/19/2005,4/25/2005,1
20050412,CONUS,67.22,32.78,23.43,15.43,5.51,1.49,4/12/2005,4/18/2005,1
20050405,CONUS,63.4,36.6,25.16,16.35,5.68,1.45,4/5/2005,4/11/2005,1
20050329,CONUS,62.6,37.4,25.91,16.52,5.83,1.51,3/29/2005,4/4/2005,1
20050322,CONUS,60.12,39.88,26.81,17.57,6.69,1.57,3/22/2005,3/28/2005,1
20050315,CONUS,59.69,40.31,26.81,17.57,6.69,1.57,3/15/2005,3/21/2005,1
20050308,CONUS,59.94,40.06,26.76,16.79,5.56,1.33,3/8/2005,3/14/2005,1
20050301,CONUS,61.65,38.35,26.7,16.26,5.51,1.32,3/1/2005,3/7/2005,1
20050222,CONUS,60.35,39.65,27.17,15.4,5.84,1.04,2/22/2005,2/28/2005,1
20050215,CONUS,60.8,39.2,27.24,14.2,5.77,1.04,2/15/2005,2/21/2005,1
20050208,CONUS,61.25,38.75,27.93,14.1,5.63,1.04,2/8/2005,2/14/2005,1
20050201,CONUS,60.91,39.09,28.44,14.23,4.87,0.72,2/1/2005,2/7/2005,1
20050125,CONUS,60.83,39.17,24.65,13.51,5,0.72,1/25/2005,1/31/2005,1
20050118,CONUS,60.99,39.01,24.26,13.39,4.8,0.72,1/18/2005,1/24/2005,1
20050111,CONUS,60.09,39.91,24.36,13.64,4.85,0.75,1/11/2005,1/17/2005,1
20050104,CONUS,63.03,36.97,25.64,15.39,5.91,0.77,1/4/2005,1/10/2005,1
20041228,CONUS,61.24,38.76,27.1,16.51,6.53,0.92,12/28/2004,1/3/2005,1
20041221,CONUS,62.66,37.34,27.12,16.58,6.39,0.92,12/21/2004,12/27/2004,1
20041214,CONUS,64.29,35.71,26.88,16.09,6.26,0.9,12/14/2004,12/20/2004,1
20041207,CONUS,63.43,36.57,27.02,16.49,6.49,0.93,12/7/2004,12/13/2004,1
20041130,CONUS,62.82,37.18,26.99,16.72,6.49,0.93,11/30/2004,12/6/2004,1
20041123,CONUS,60.06,39.94,28.44,17.69,7.89,0.93,11/23/2004,11/29/2004,1
20041116,CONUS,60.23,39.77,28.59,17.76,8.01,0.93,11/16/2004,11/22/2004,1
20041109,CONUS,60.9,39.1,28.55,18.09,8.06,0.93,11/9/2004,11/15/2004,1
20041102,CONUS,60.73,39.27,28.59,19.13,8.34,0.93,11/2/2004,11/8/2004,1
20041026,CONUS,58.84,41.16,29.78,19.24,8.33,0.93,10/26/2004,11/1/2004,1
20041019,CONUS,57.79,42.21,30.75,20.68,9.62,0.97,10/19/2004,10/25/2004,1
20041012,CONUS,55.44,44.56,31.6,21.27,9.64,1,10/12/2004,10/18/2004,1
20041005,CONUS,51.58,48.42,32.25,21.58,9.41,0.93,10/5/2004,10/11/2004,1
20040928,CONUS,56.52,43.48,30.51,21.82,9.69,0.93,9/28/2004,10/4/2004,1
20040921,CONUS,58.79,41.21,30.62,21.99,9.7,0.93,9/21/2004,9/27/2004,1
20040914,CONUS,59.56,40.44,30.95,22.18,10.27,0.96,9/14/2004,9/20/2004,1
20040907,CONUS,61.36,38.64,30.97,22.46,10.7,1.18,9/7/2004,9/13/2004,1
20040831,CONUS,59.79,40.21,31.17,22.74,11.54,1.21,8/31/2004,9/6/2004,1
20040824,CONUS,58.36,41.64,31.87,23.05,11.63,1.23,8/24/2004,8/30/2004,1
20040817,CONUS,56.21,43.79,32.85,23.64,11.99,1.26,8/17/2004,8/23/2004,1
20040810,CONUS,54.03,45.97,32.95,23.82,11.35,1.26,8/10/2004,8/16/2004,1
20040803,CONUS,53.81,46.19,33.03,24.04,10.94,1.38,8/3/2004,8/9/2004,1
20040727,CONUS,55.17,44.83,32.65,23.69,10.73,1.38,7/27/2004,8/2/2004,1
20040720,CONUS,52.47,47.53,33.45,24.17,10.62,1.43,7/20/2004,7/26/2004,1
20040713,CONUS,53.65,46.35,33.46,24.19,10.62,1.2,7/13/2004,7/19/2004,1
20040706,CONUS,54.46,45.54,33.74,23.45,10.57,1.2,7/6/2004,7/12/2004,1
20040629,CONUS,54.25,45.75,33.75,23.54,11.04,1.22,6/29/2004,7/5/2004,1
20040622,CONUS,53.26,46.74,36.08,24.29,11.17,1.22,6/22/2004,6/28/2004,1
20040615,CONUS,50.44,49.56,37.58,25.45,12.55,1.28,6/15/2004,6/21/2004,1
20040608,CONUS,47.21,52.79,38.55,25.83,12.67,0.58,6/8/2004,6/14/2004,1
20040601,CONUS,44.3,55.7,39.34,25.74,12.81,0.81,6/1/2004,6/7/2004,1
20040525,CONUS,42.32,57.68,39.93,25.89,12.92,0.81,5/25/2004,5/31/2004,1
20040518,CONUS,46.4,53.6,37.32,25.44,12.15,1.11,5/18/2004,5/24/2004,1
20040511,CONUS,45.17,54.83,39.11,26.96,12.35,1.09,5/11/2004,5/17/2004,1
20040504,CONUS,45.83,54.17,39.69,26.71,12.02,1.08,5/4/2004,5/10/2004,1
20040427,CONUS,44.31,55.69,38.84,25.92,10.56,0.83,4/27/2004,5/3/2004,1
20040420,CONUS,42.05,57.95,38.3,25.99,10.89,0.83,4/20/2004,4/26/2004,1
20040413,CONUS,44.46,55.54,36.42,25.22,10.36,0.81,4/13/2004,4/19/2004,1
20040406,CONUS,45.79,54.21,36.01,25.31,10.3,0.64,4/6/2004,4/12/2004,1
20040330,CONUS,46.49,53.51,37.36,27.14,13.08,1.93,3/30/2004,4/5/2004,1
20040323,CONUS,47.39,52.61,38.37,27.18,12.65,1.93,3/23/2004,3/29/2004,1
20040316,CONUS,51.18,48.82,37.71,27.07,12.34,1.93,3/16/2004,3/22/2004,1
20040309,CONUS,50.62,49.38,38.47,27.52,12.46,1.93,3/9/2004,3/15/2004,1
20040302,CONUS,48.6,51.4,39.18,28.26,12.54,2.08,3/2/2004,3/8/2004,1
20040224,CONUS,47.72,52.28,40.97,30.75,14.71,2.83,2/24/2004,3/1/2004,1
20040217,CONUS,46.59,53.41,41.29,30.75,14.43,2.83,2/17/2004,2/23/2004,1
20040210,CONUS,46.55,53.45,41.13,30.67,14.49,2.83,2/10/2004,2/16/2004,1
20040203,CONUS,45.58,54.42,41.87,30.83,14.96,2.97,2/3/2004,2/9/2004,1
20040127,CONUS,45.58,54.42,42.55,30.97,15.54,3.01,1/27/2004,2/2/2004,1
20040120,CONUS,44.9,55.1,43.83,31.27,15.59,2.89,1/20/2004,1/26/2004,1
20040113,CONUS,42.44,57.56,44.39,31.74,15.92,3.15,1/13/2004,1/19/2004,1
20040106,CONUS,42.23,57.77,45.97,32.54,16.24,3.71,1/6/2004,1/12/2004,1
20031230,CONUS,43.83,56.17,45.8,33.78,15.99,3.4,12/30/2003,1/5/2004,1
20031223,CONUS,42.54,57.46,47.54,33.9,17.64,3.72,12/23/2003,12/29/2003,1
20031216,CONUS,43.42,56.58,47.53,33.95,17.56,3.37,12/16/2003,12/22/2003,1
20031209,CONUS,41.41,58.59,47.88,33.75,17.18,3.3,12/9/2003,12/15/2003,1
20031202,CONUS,42.04,57.96,47.75,33.57,17.27,3.35,12/2/2003,12/8/2003,1
20031125,CONUS,41.22,58.78,47.93,33.55,17.65,3.29,11/25/2003,12/1/2003,1
20031118,CONUS,39.85,60.15,48.41,33.69,17.71,3.18,11/18/2003,11/24/2003,1
20031111,CONUS,38.41,61.59,48.84,34.1,18.45,3.34,11/11/2003,11/17/2003,1
20031104,CONUS,38.42,61.58,47.89,33.87,18.36,2.6,11/4/2003,11/10/2003,1
20031028,CONUS,37.13,62.87,48.73,35.06,18.28,2.54,10/28/2003,11/3/2003,1
20031021,CONUS,38.9,61.1,46.61,34.55,17.28,2.04,10/21/2003,10/27/2003,1
20031014,CONUS,40.07,59.93,46.5,34.12,17.52,2.04,10/14/2003,10/20/2003,1
20031007,CONUS,41.01,58.99,48.34,33.6,16.75,2.07,10/7/2003,10/13/2003,1
20030930,CONUS,38.58,61.42,48.37,33.11,16.87,2.09,9/30/2003,10/6/2003,1
20030923,CONUS,37.15,62.85,50.27,33.81,16.86,2.07,9/23/2003,9/29/2003,1
20030916,CONUS,37.62,62.38,50.26,34.44,17.18,2.19,9/16/2003,9/22/2003,1
20030909,CONUS,35.35,64.65,54.27,37.67,18.06,2.21,9/9/2003,9/15/2003,1
20030902,CONUS,35.76,64.24,52.4,34.38,17.11,1.93,9/2/2003,9/8/2003,1
20030826,CONUS,33,67,54.79,37.21,18.87,2.2,8/26/2003,9/1/2003,1
20030819,CONUS,35.23,64.77,49.51,34.1,17.38,2.12,8/19/2003,8/25/2003,1
20030812,CONUS,41.14,58.86,48.86,32.47,15.35,1.95,8/12/2003,8/18/2003,1
20030805,CONUS,42.78,57.22,48.05,30.07,14.93,1.98,8/5/2003,8/11/2003,1
20030729,CONUS,44.96,55.04,47.09,28.89,15.11,2.15,7/29/2003,8/4/2003,1
20030722,CONUS,46.14,53.86,38.33,26.04,14.84,1.66,7/22/2003,7/28/2003,1
20030715,CONUS,46.28,53.72,31.88,23.75,12.51,0.81,7/15/2003,7/21/2003,1
20030708,CONUS,53.26,46.74,29.54,22.25,11.46,0.81,7/8/2003,7/14/2003,1
20030701,CONUS,51.8,48.2,30.66,21.72,10.83,0.76,7/1/2003,7/7/2003,1
20030624,CONUS,48.67,51.33,34.95,22.08,10.71,0.88,6/24/2003,6/30/2003,1
20030617,CONUS,48.62,51.38,35.4,22,10.92,1,6/17/2003,6/23/2003,1
20030610,CONUS,46.64,53.36,39.21,23.86,10.24,1.02,6/10/2003,6/16/2003,1
20030603,CONUS,45.49,54.51,41.88,24.54,10.13,0.61,6/3/2003,6/9/2003,1
20030527,CONUS,46.92,53.08,41.97,24.58,10.24,0.6,5/27/2003,6/2/2003,1
20030520,CONUS,45.98,54.02,42.67,25.49,10.15,0.6,5/20/2003,5/26/2003,1
20030513,CONUS,43.78,56.22,41.91,21.23,10.37,0.62,5/13/2003,5/19/2003,1
20030506,CONUS,38.67,61.33,42.8,23.45,10.87,0.26,5/6/2003,5/12/2003,1
20030429,CONUS,34.63,65.37,43.68,28.29,13.03,0.26,4/29/2003,5/5/2003,1
20030422,CONUS,40.81,59.19,42.84,27.21,14.35,0.26,4/22/2003,4/28/2003,1
20030415,CONUS,38.8,61.2,43.33,27.24,14.48,0.23,4/15/2003,4/21/2003,1
20030408,CONUS,41.99,58.01,42.82,27.18,14.79,0.26,4/8/2003,4/14/2003,1
20030401,CONUS,41.12,58.88,44.54,29.26,15.59,0.58,4/1/2003,4/7/2003,1
20030325,CONUS,40.82,59.18,47.92,30.82,17.11,1.22,3/25/2003,3/31/2003,1
20030318,CONUS,39.34,60.66,48.46,31.68,19.18,1.69,3/18/2003,3/24/2003,1
20030311,CONUS,36.71,63.29,44.74,32.36,19.31,1.69,3/11/2003,3/17/2003,1
20030304,CONUS,38.82,61.18,44.75,32.53,19.9,2,3/4/2003,3/10/2003,1
20030225,CONUS,39.15,60.85,43.43,32.48,19.92,2.08,2/25/2003,3/3/2003,1
20030218,CONUS,38.15,61.85,44.26,31.92,20.11,2.09,2/18/2003,2/24/2003,1
20030211,CONUS,36.52,63.48,45.27,32.81,20.66,2.32,2/11/2003,2/17/2003,1
20030204,CONUS,37.95,62.05,44.33,32.01,20.54,2.25,2/4/2003,2/10/2003,1
20030128,CONUS,38.9,61.1,44.4,32.9,20.86,2.5,1/28/2003,2/3/2003,1
20030121,CONUS,40,60,44.28,32.73,20.54,2.36,1/21/2003,1/27/2003,1
20030114,CONUS,42.22,57.78,44,32.18,18.36,2.58,1/14/2003,1/20/2003,1
20030107,CONUS,42.39,57.61,42.56,31.21,16.3,1.69,1/7/2003,1/13/2003,1
20021231,CONUS,44.96,55.04,41.24,30.33,14.25,1.28,12/31/2002,1/6/2003,1
20021224,CONUS,43.42,56.58,42.11,30.66,13.91,1.28,12/24/2002,12/30/2002,1
20021217,CONUS,42.28,57.72,42.57,30.77,13.9,1.28,12/17/2002,12/23/2002,1
20021210,CONUS,38.63,61.37,43.77,30.76,13.66,1.26,12/10/2002,12/16/2002,1
20021203,CONUS,41.05,58.95,42.04,26.59,13.25,1.09,12/3/2002,12/9/2002,1
20021126,CONUS,41.38,58.62,41.47,26.23,13.53,1.11,11/26/2002,12/2/2002,1
20021119,CONUS,41.06,58.94,41.88,26.28,13.58,1.15,11/19/2002,11/25/2002,1
20021112,CONUS,40.86,59.14,42.86,26.57,13.53,1.12,11/12/2002,11/18/2002,1
20021105,CONUS,39.15,60.85,48.15,30.15,14.75,1.33,11/5/2002,11/11/2002,1
20021029,CONUS,39.03,60.97,46.81,29.68,15.11,1.35,10/29/2002,11/4/2002,1
20021022,CONUS,35.32,64.68,48.45,30.38,15.47,1.34,10/22/2002,10/28/2002,1
20021015,CONUS,32.3,67.7,49.81,31.25,15.86,1.34,10/15/2002,10/21/2002,1
20021008,CONUS,28.77,71.23,50.2,32.37,16.87,2.09,10/8/2002,10/14/2002,1
20021001,CONUS,29.08,70.92,48.59,33.38,17.84,3.14,10/1/2002,10/7/2002,1
20020924,CONUS,31.9,68.1,52.72,35.7,18.79,3.29,9/24/2002,9/30/2002,1
20020917,CONUS,28.58,71.42,53.5,37.09,19.92,3.88,9/17/2002,9/23/2002,1
20020910,CONUS,28.94,71.06,54.63,38.04,20.52,5,9/10/2002,9/16/2002,1
20020903,CONUS,32.08,67.92,49.95,36.13,21.43,6.23,9/3/2002,9/9/2002,1
20020827,CONUS,36.68,63.32,49.31,35.28,23.5,7.41,8/27/2002,9/2/2002,1
20020820,CONUS,35.1,64.9,49.05,35.11,23.71,7.85,8/20/2002,8/26/2002,1
20020813,CONUS,31.46,68.54,50.5,35.35,23.42,7.45,8/13/2002,8/19/2002,1
20020806,CONUS,31.51,68.49,50.09,35.78,23.22,6.98,8/6/2002,8/12/2002,1
20020730,CONUS,28.68,71.32,50.45,34.65,22.5,6.11,7/30/2002,8/5/2002,1
20020723,CONUS,28.15,71.85,51.48,35.91,22.55,5.99,7/23/2002,7/29/2002,1
20020716,CONUS,34.32,65.68,48.53,34.03,21.31,5.52,7/16/2002,7/22/2002,1
20020709,CONUS,36.16,63.84,47.79,33.14,20.51,5.51,7/9/2002,7/15/2002,1
20020702,CONUS,36.88,63.12,48.14,34.66,20.92,5.29,7/2/2002,7/8/2002,1
20020625,CONUS,37.74,62.26,47.82,33.47,19.91,3.5,6/25/2002,7/1/2002,1
20020618,CONUS,38.87,61.13,46.96,31.79,17.93,2.48,6/18/2002,6/24/2002,1
20020611,CONUS,37.84,62.16,45.2,30.35,16.68,2.07,6/11/2002,6/17/2002,1
20020604,CONUS,37.2,62.8,44.56,30,16.85,2.7,6/4/2002,6/10/2002,1
20020528,CONUS,37.91,62.09,44.53,30.92,17.62,2.73,5/28/2002,6/3/2002,1
20020521,CONUS,40.43,59.57,44.34,30.4,16.87,0.61,5/21/2002,5/27/2002,1
20020514,CONUS,38.56,61.44,46.76,31.34,16.44,0.65,5/14/2002,5/20/2002,1
20020507,CONUS,36.39,63.61,43.96,31.68,11.4,0.61,5/7/2002,5/13/2002,1
20020430,CONUS,38.73,61.27,42.9,30.99,11.95,0.28,4/30/2002,5/6/2002,1
20020423,CONUS,38.53,61.47,43.16,29.81,9.37,0,4/23/2002,4/29/2002,1
20020416,CONUS,39.5,60.5,43.21,27.43,6.75,0,4/16/2002,4/22/2002,1
20020409,CONUS,37.01,62.99,42.59,25.76,5.6,0,4/9/2002,4/15/2002,1
20020402,CONUS,35.89,64.11,41.21,24.45,5.23,0,4/2/2002,4/8/2002,1
20020326,CONUS,34.39,65.61,41.48,23.37,6.43,0,3/26/2002,4/1/2002,1
20020319,CONUS,34.52,65.48,40.78,20.08,6.61,0,3/19/2002,3/25/2002,1
20020312,CONUS,32.84,67.16,43.93,21.56,6.76,0,3/12/2002,3/18/2002,1
20020305,CONUS,36.4,63.6,36.54,18.16,5.66,0,3/5/2002,3/11/2002,1
20020226,CONUS,36.12,63.88,36.22,18.11,5.76,0,2/26/2002,3/4/2002,1
20020219,CONUS,39.32,60.68,35.41,16.77,5.64,0,2/19/2002,2/25/2002,1
20020212,CONUS,41.34,58.66,33.81,16.58,5.27,0,2/12/2002,2/18/2002,1
20020205,CONUS,42.35,57.65,32.1,16.51,5.51,0,2/5/2002,2/11/2002,1
20020129,CONUS,42.72,57.28,32.37,16.7,5.3,0,1/29/2002,2/4/2002,1
20020122,CONUS,43.57,56.43,32.96,17.76,5.64,0,1/22/2002,1/28/2002,1
20020115,CONUS,43.72,56.28,33.66,18.26,5.76,0,1/15/2002,1/21/2002,1
20020108,CONUS,45.55,54.45,34.71,20.27,6.31,0,1/8/2002,1/14/2002,1
20020101,CONUS,46.54,53.46,36.64,22.71,8.75,0,1/1/2002,1/7/2002,1
20011225,CONUS,46.66,53.34,36.36,22.6,8.12,0,12/25/2001,12/31/2001,1
20011218,CONUS,46.77,53.23,36.96,23.03,8.65,0,12/18/2001,12/24/2001,1
20011211,CONUS,45.65,54.35,37.11,21.9,8.69,0,12/11/2001,12/17/2001,1
20011204,CONUS,44.08,55.92,38.67,23.68,9.42,0,12/4/2001,12/10/2001,1
20011127,CONUS,43.63,56.37,37.96,23.9,10.93,0,11/27/2001,12/3/2001,1
20011120,CONUS,39.01,60.99,39.17,24.57,11.07,0,11/20/2001,11/26/2001,1
20011113,CONUS,38.78,61.22,39.13,23.13,11.41,0,11/13/2001,11/19/2001,1
20011106,CONUS,42.08,57.92,37.25,22.3,11.41,0,11/6/2001,11/12/2001,1
20011030,CONUS,44.63,55.37,35.69,20.89,9.96,0,10/30/2001,11/5/2001,1
20011023,CONUS,48.06,51.94,31.41,19.71,10,0,10/23/2001,10/29/2001,1
20011016,CONUS,53.81,46.19,28.65,19.14,10,0,10/16/2001,10/22/2001,1
20011009,CONUS,52.59,47.41,29.16,18.94,10,0,10/9/2001,10/15/2001,1
20011002,CONUS,55.88,44.12,28.23,18.94,9.64,0,10/2/2001,10/8/2001,1
20010925,CONUS,56.31,43.69,28.4,19.78,9.38,0,9/25/2001,10/1/2001,1
20010918,CONUS,51.65,48.35,29.6,19.92,9.37,0,9/18/2001,9/24/2001,1
20010911,CONUS,49.19,50.81,30.05,19.92,9.37,0,9/11/2001,9/17/2001,1
20010904,CONUS,49.77,50.23,28.54,18.91,8.89,0,9/4/2001,9/10/2001,1
20010828,CONUS,52.54,47.46,30.42,19.95,8.52,0,8/28/2001,9/3/2001,1
20010821,CONUS,54.08,45.92,30.96,19.19,7.18,0,8/21/2001,8/27/2001,1
20010814,CONUS,51.19,48.81,30.88,18.58,5,0,8/14/2001,8/20/2001,1
20010807,CONUS,48.63,51.37,31.03,18.45,5.23,0,8/7/2001,8/13/2001,1
20010731,CONUS,47.31,52.69,30.97,17.75,5.23,0,7/31/2001,8/6/2001,1
20010724,CONUS,47.18,52.82,27.64,17.01,3.53,0,7/24/2001,7/30/2001,1
20010717,CONUS,51.02,48.98,26.2,17.7,3.56,0,7/17/2001,7/23/2001,1
20010710,CONUS,57.32,42.68,25.8,16.77,3.79,0,7/10/2001,7/16/2001,1
20010703,CONUS,52.98,47.02,26.93,17.8,4.01,0,7/3/2001,7/9/2001,1
20010626,CONUS,54.68,45.32,26.1,16.38,1.99,0,6/26/2001,7/2/2001,1
20010619,CONUS,57.18,42.82,24.49,14.49,1.92,0,6/19/2001,6/25/2001,1
20010612,CONUS,62.25,37.75,25.41,12.7,2.03,0.1,6/12/2001,6/18/2001,1
20010605,CONUS,60.31,39.69,26.99,13.08,2.34,0.4,6/5/2001,6/11/2001,1
20010529,CONUS,55.13,44.87,30.14,13.54,2.45,0.49,5/29/2001,6/4/2001,1
20010522,CONUS,53.75,46.25,31.9,13.32,2.56,0.49,5/22/2001,5/28/2001,1
20010515,CONUS,51.44,48.56,31.87,15.3,2.8,0.46,5/15/2001,5/21/2001,1
20010508,CONUS,52.51,47.49,28.52,13.18,1.98,0.27,5/8/2001,5/14/2001,1
20010501,CONUS,63.07,36.93,24.94,10.43,1.54,0.27,5/1/2001,5/7/2001,1
20010424,CONUS,64.79,35.21,22.12,10.3,1.54,0.27,4/24/2001,4/30/2001,1
20010417,CONUS,64.94,35.06,21.35,10.18,1.54,0.27,4/17/2001,4/23/2001,1
20010410,CONUS,64.48,35.52,21.21,10.13,1.43,0.21,4/10/2001,4/16/2001,1
20010403,CONUS,61.84,38.16,20.58,10.13,1.43,0.18,4/3/2001,4/9/2001,1
20010327,CONUS,62.42,37.58,21.17,9.91,1.47,0.64,3/27/2001,4/2/2001,1
20010320,CONUS,65.95,34.05,21.51,9.91,1.51,0.69,3/20/2001,3/26/2001,1
20010313,CONUS,66.03,33.97,21.03,9.39,1.59,0.71,3/13/2001,3/19/2001,1
20010306,CONUS,66.74,33.26,21.24,5.46,1.66,0.71,3/6/2001,3/12/2001,1
20010227,CONUS,65.21,34.79,21.65,5.64,1.73,0.73,2/27/2001,3/5/2001,1
20010220,CONUS,65.55,34.45,21.7,5.64,1.72,0.64,2/20/2001,2/26/2001,1
20010213,CONUS,62.79,37.21,22.19,5.6,1.61,0.61,2/13/2001,2/19/2001,1
20010206,CONUS,61.43,38.57,11.99,5.39,1.03,0.34,2/6/2001,2/12/2001,1
20010130,CONUS,61.14,38.86,11.71,5,0.89,0.35,1/30/2001,2/5/2001,1
20010123,CONUS,56.57,43.43,12.85,5.71,0.97,0.35,1/23/2001,1/29/2001,1
20010116,CONUS,69.98,30.02,14.31,6.14,1.54,0.33,1/16/2001,1/22/2001,1
20010109,CONUS,68.35,31.65,14.31,6.53,1.42,0.33,1/9/2001,1/15/2001,1
20010102,CONUS,70.82,29.18,13.94,6.16,0.96,0.33,1/2/2001,1/8/2001,1
20001226,CONUS,72.25,27.75,14.41,7.52,0.96,0.36,12/26/2000,1/1/2001,1
20001219,CONUS,70.65,29.35,15.34,7.53,0.88,0.3,12/19/2000,12/25/2000,1
20001212,CONUS,66.84,33.16,17.06,9.3,1.1,0.25,12/12/2000,12/18/2000,1
20001205,CONUS,66.14,33.86,16.74,9.06,0.81,0.14,12/5/2000,12/11/2000,1
20001128,CONUS,64.43,35.57,16.22,9.04,0.71,0,11/28/2000,12/4/2000,1
20001121,CONUS,64.23,35.77,17.68,10.71,2.64,0,11/21/2000,11/27/2000,1
20001114,CONUS,63.11,36.89,18.89,11.93,5.83,0.72,11/14/2000,11/20/2000,1
20001107,CONUS,54.68,45.32,19.92,12.44,7.49,0.99,11/7/2000,11/13/2000,1
20001031,CONUS,40.25,59.75,34.7,16.97,9.1,2.63,10/31/2000,11/6/2000,1
20001024,CONUS,35.77,64.23,39.24,17.21,7.69,1.69,10/24/2000,10/30/2000,1
20001017,CONUS,40.2,59.8,40.97,22.21,7.09,1.05,10/17/2000,10/23/2000,1
20001010,CONUS,40.52,59.48,41.02,24.29,5.87,0.46,10/10/2000,10/16/2000,1
20001003,CONUS,39.53,60.47,40.99,26.17,6.99,0.74,10/3/2000,10/9/2000,1
20000926,CONUS,42.19,57.81,38.28,23.95,6.9,0.74,9/26/2000,10/2/2000,1
20000919,CONUS,41.62,58.38,39.81,26.15,8.37,1.64,9/19/2000,9/25/2000,1
20000912,CONUS,43.73,56.27,38.5,24.18,8.88,1.71,9/12/2000,9/18/2000,1
20000905,CONUS,42.77,57.23,34.65,19.31,8.06,2.61,9/5/2000,9/11/2000,1
20000829,CONUS,43.72,56.28,32.21,15.75,6.85,2.47,8/29/2000,9/4/2000,1
20000822,CONUS,49.9,50.1,29.13,13.89,5.39,2.39,8/22/2000,8/28/2000,1
20000815,CONUS,48.37,51.63,27.51,13.01,4.39,1.99,8/15/2000,8/21/2000,1
20000808,CONUS,48.87,51.13,24.5,10.76,4.47,2.14,8/8/2000,8/14/2000,1
20000801,CONUS,50.33,49.67,24.12,10.36,4.91,2.41,8/1/2000,8/7/2000,1
20000725,CONUS,50.13,49.87,22.86,9.32,5.19,2.59,7/25/2000,7/31/2000,1
20000718,CONUS,50.54,49.46,22.38,8.77,5.43,2.12,7/18/2000,7/24/2000,1
20000711,CONUS,56.43,43.57,20.31,8.11,4.65,1.65,7/11/2000,7/17/2000,1
20000704,CONUS,57.49,42.51,17.76,8.15,4.29,1.26,7/4/2000,7/10/2000,1
20000627,CONUS,55.16,44.84,23.72,12.48,4.48,1.66,6/27/2000,7/3/2000,1
20000620,CONUS,57.44,42.56,22.74,14.08,6.69,1.64,6/20/2000,6/26/2000,1
20000613,CONUS,55.96,44.04,23.44,14.13,7.3,1.54,6/13/2000,6/19/2000,1
20000606,CONUS,62.66,37.34,21.36,12.77,5.41,0.3,6/6/2000,6/12/2000,1
20000530,CONUS,62.05,37.95,24.17,13.69,5.09,0.26,5/30/2000,6/5/2000,1
20000523,CONUS,57.84,42.16,23.78,14.12,3.59,0,5/23/2000,5/29/2000,1
20000516,CONUS,52.57,47.43,28.35,15.54,2.99,0,5/16/2000,5/22/2000,1
20000509,CONUS,55.75,44.25,24.7,12.84,1.66,0,5/9/2000,5/15/2000,1
20000502,CONUS,55.43,44.57,25.69,13.22,1.66,0,5/2/2000,5/8/2000,1
20000425,CONUS,56.15,43.85,24.29,13.06,1.48,0,4/25/2000,5/1/2000,1
20000418,CONUS,53.06,46.94,26.6,14.6,0,0,4/18/2000,4/24/2000,1
20000411,CONUS,54.87,45.13,26.43,13.68,0,0,4/11/2000,4/17/2000,1
20000404,CONUS,51.49,48.51,25.61,14.46,0,0,4/4/2000,4/10/2000,1
20000328,CONUS,54.69,45.31,26.54,12.48,0,0,3/28/2000,4/3/2000,1
20000321,CONUS,52.02,47.98,29.82,15.63,0,0,3/21/2000,3/27/2000,1
20000314,CONUS,51.59,48.41,30.55,16.07,0,0,3/14/2000,3/20/2000,1
20000307,CONUS,45.92,54.08,32.17,15.08,0,0,3/7/2000,3/13/2000,1
20000229,CONUS,45.46,54.54,32.56,14.07,0,0,2/29/2000,3/6/2000,1
20000222,CONUS,43.35,56.65,30.72,10.95,0,0,2/22/2000,2/28/2000,1
20000215,CONUS,36.85,63.15,31.94,10.93,0,0,2/15/2000,2/21/2000,1
20000208,CONUS,36.07,63.93,29.39,11.03,0,0,2/8/2000,2/14/2000,1
20000201,CONUS,34.99,65.01,28.97,10.22,0,0,2/1/2000,2/7/2000,1
20000125,CONUS,30.74,69.26,25.48,10.11,0,0,1/25/2000,1/31/2000,1
20000118,CONUS,32.2,67.8,25.91,10.38,0,0,1/18/2000,1/24/2000,1
20000111,CONUS,38.2,61.8,24.93,9.9,0,0,1/11/2000,1/17/2000,1
20000104,CONUS,49,51,23.35,9.45,0,0,1/4/2000,1/10/2000,1
